start_points,end_points,time,fastest_arrivals,shortest_travels,walk_distances,num_of_changes,walk_time,bike_time,car_time,line_distance
"54.39365,18.55051","54.32397,18.71818",8:45,20070.0,12870.0,15868.61,inf,12870.0,4691.0,2277.0,13.343890052888119
"54.35705,18.61062","54.34197,18.81002",9:02,18735.0,11535.0,14454.36,inf,11535.0,4278.0,1386.0,13.031198599500682
"54.34986,18.63897","54.28551,18.81464",8:28,20363.0,13163.0,16777.03,inf,13163.0,4269.0,980.0,13.454275136346963
"54.39807,18.62024","54.33022,18.55124",6:34,15403.0,8203.0,9850.0,inf,8203.0,3053.0,1095.0,8.769458662205349
"54.32526,18.48088","54.38253,18.6574",8:38,19979.0,12779.0,16086.81,inf,12779.0,4697.0,1892.0,13.091969185246343
"54.34855,18.65333","54.35922,18.59465",9:17,11186.0,3986.0,4829.2,inf,3986.0,1826.0,578.0,3.983369037570642
"54.38134,18.59724","54.29501,18.64765",9:19,17550.0,10350.0,12864.1,inf,10350.0,3359.0,1498.0,10.140454761903456
"54.3636,18.49562","54.37946,18.86029",7:42,,,,,,,,23.686863640771104
"54.37779,18.61041","54.36794,18.59044",9:59,8848.0,1648.0,1939.81,0.0,1648.0,628.0,280.0,1.6949179897984967
"54.3462,18.88567","54.39108,18.69704",7:57,,,,,,,1577.0,13.198968130858054
"54.3819,18.44162","54.39823,18.74046",6:22,,,,,,,,19.433339300604757
"54.36993,18.51239","54.30237,18.7927",7:33,,,,,,6954.0,1251.0,19.663986927068848
"54.36252,18.48801","54.38859,18.50093",6:32,11709.0,4509.0,5720.99,inf,4509.0,1518.0,574.0,3.017212806107491
"54.33006,18.87071","54.38773,18.71918",9:49,,,,,,,1664.0,11.726855166272642
"54.42048,18.59698","54.34073,18.61635",8:47,15934.0,8734.0,10191.39,inf,8734.0,3278.0,1180.0,8.956076283359232
"54.30443,18.60829","54.41618,18.71872",7:09,,,,,,,,14.33874187076352
"54.34812,18.66615","54.31012,18.71634",8:32,12948.0,5748.0,7402.86,inf,5748.0,2705.0,769.0,5.333381629182619
"54.35306,18.81664","54.40334,18.45839",7:46,,,,,,8614.0,1804.0,23.86561419890233
"54.39573,18.51903","54.4179,18.83686",7:32,,,,,,,,20.716616809137914
"54.3498,18.72558","54.40531,18.47716",9:47,,,,,,5910.0,1524.0,17.23218370733236
"54.37433,18.60746","54.41376,18.91261",9:25,,,,,,,,20.235631422563046
"54.28927,18.63966","54.29889,18.65254",6:19,8971.0,1771.0,2325.2,inf,1771.0,556.0,183.0,1.3575396158431565
"54.37086,18.53736","54.29614,18.8527",6:14,,,,,,7033.0,2100.0,22.06848325399866
"54.36753,18.77091","54.28672,18.94801",6:36,,,,,,,,14.581546360269256
"54.40604,18.48632","54.37282,18.79492",6:32,,,,,,,,20.319120897948814
"54.3477,18.64596","54.40923,18.68185",8:16,,,,,,,810.0,7.225866144962792
"54.34624,18.55555","54.44334,18.90705",9:04,,,,,,,,25.186740569475635
"54.32865,18.55818","54.28342,18.48265",6:49,14417.0,7217.0,9195.72,inf,7217.0,2308.0,818.0,7.021831083793972
"54.31584,18.89576","54.41256,18.45562",8:55,,,,,,9401.0,2235.0,30.475420569787318
"54.32666,18.71207","54.4419,18.75693",7:03,,,,,,,,13.139232953162562
"54.29186,18.93091","54.35382,18.60993",8:02,,,,,,7262.0,1733.0,21.926337676797786
"54.41105,18.5409","54.41104,18.66239",7:20,14186.0,6986.0,8555.52,inf,6986.0,2513.0,1335.0,7.861822415539955
"54.3969,18.53199","54.34509,18.93323",7:39,,,,,,8254.0,2713.0,26.621071040972218
"54.38589,18.44633","54.42235,18.57121",8:02,16492.0,9292.0,11679.77,inf,9292.0,3850.0,1508.0,9.042346254448091
"54.36064,18.94643","54.28683,18.55548",9:20,,,,,,10717.0,,26.64818640322131
"54.33894,18.48778","54.31172,18.55342",6:47,12775.0,5575.0,7112.67,inf,5575.0,1752.0,704.0,5.22295755706703
"54.32643,18.57861","54.38312,18.62049",8:56,14021.0,6821.0,8156.05,inf,6821.0,2630.0,953.0,6.86300403948133
"54.42611,18.49889","54.27812,18.83488",9:48,,,,,,8277.0,1788.0,27.29255180107099
"54.28317,18.93507","54.39612,18.88372",9:07,,,,,,,,12.993099047020513
"54.39598,18.65539","54.43815,18.88434",9:41,,,,,,,,15.537987349295594
"54.33583,18.51017","54.43327,18.91904",8:35,,,,,,,,28.606931410842872
"54.41679,18.49732","54.41906,18.74152",9:28,,,,,,,,15.801951382131941
"54.31367,18.62116","54.42399,18.71231",7:52,,,,,,,,13.614089063250047
"54.37186,18.72894","54.31367,18.77483",9:38,,,,,,,1046.0,7.121412572562739
"54.32603,18.66742","54.34647,18.91507",7:33,,,,,,4581.0,1930.0,16.21513842385147
"54.37515,18.72061","54.43641,18.69195",6:21,,,,,,,,7.059829698050882
"54.28423,18.62572","54.34446,18.87621",9:54,,,,,,5286.0,1462.0,17.573991537474722
"54.37855,18.60668","54.41327,18.61392",6:30,11276.0,4076.0,4812.19,inf,4076.0,1658.0,438.0,3.889032888589394
"54.34159,18.62412","54.40356,18.55845",6:27,15373.0,8173.0,9748.75,inf,8173.0,3293.0,1104.0,8.097873427209922
"54.32188,18.60709","54.31038,18.60231",9:34,8349.0,1149.0,1436.66,0.0,1149.0,442.0,430.0,1.315790052833061
"54.34714,18.49395","54.31699,18.58885",7:33,14140.0,6940.0,8731.9,inf,6940.0,2731.0,807.0,7.007023295529992
"54.39228,18.67651","54.31007,18.85131",6:12,,,,,,,1515.0,14.556440195050406
"54.39001,18.47845","54.2764,18.61249",9:40,21525.0,14325.0,18017.9,inf,14325.0,4899.0,1763.0,15.33336682754627
"54.31039,18.62025","54.30341,18.87942",8:03,,,,,,4890.0,1350.0,16.83179375328084
"54.38677,18.56627","54.34427,18.476",8:42,14416.0,7216.0,9095.83,inf,7216.0,2574.0,1206.0,7.518791316961342
"54.32015,18.63928","54.32148,18.52883",6:05,14858.0,7658.0,9338.98,inf,7658.0,2690.0,747.0,7.1646514894773015
"54.3473,18.88198","54.33855,18.57822",6:00,,,,,,6347.0,1896.0,19.713475277230444
"54.36428,18.48156","54.29391,18.86604",9:11,,,,,,8674.0,2154.0,26.12915450552095
"54.34505,18.92068","54.38775,18.55996",8:34,,,,,,7458.0,2588.0,23.845662228658654
"54.35474,18.71381","54.33908,18.87713",6:58,16513.0,9313.0,12085.42,inf,9313.0,3431.0,1115.0,10.727505466553168
"54.31152,18.87332","54.342,18.49923",9:10,,,,,,7815.0,1975.0,24.493323405586843
"54.35033,18.63873","54.4338,18.68018",7:22,,,,,,,,9.661600379771507
"54.33649,18.75776","54.41085,18.45309",7:13,,,,,,6800.0,1505.0,21.395896921028807
"54.36818,18.72658","54.42175,18.52415",8:18,,,,,,,1414.0,14.394999637391518
"54.36205,18.49018","54.40392,18.85552",9:36,,,,,,,,24.111673248353327
"54.30382,18.63262","54.36608,18.56176",9:15,15307.0,8107.0,10191.89,inf,8107.0,3066.0,1025.0,8.308578536265262
"54.4241,18.45139","54.36381,18.50749",7:43,15528.0,8328.0,10710.7,inf,8328.0,2935.0,1012.0,7.624505499493835
"54.41049,18.66163","54.35893,18.59784",7:27,14045.0,6845.0,8282.5,inf,6845.0,2471.0,1305.0,7.066231537551093
"54.3237,18.65702","54.43941,18.89009",9:44,,,,,,,,19.83298445787455
"54.34378,18.70494","54.29607,18.66388",7:30,14511.0,7311.0,9439.35,inf,7311.0,2981.0,1337.0,5.935955066571057
"54.38804,18.44752","54.36868,18.44978",7:52,11375.0,4175.0,5325.28,inf,4175.0,1301.0,659.0,2.1577037405561743
"54.35487,18.66953","54.38167,18.54849",6:06,15228.0,8028.0,9750.94,inf,8028.0,3019.0,1254.0,8.388074579721534
"54.32608,18.90292","54.43532,18.517",7:45,,,,,,9062.0,2472.0,27.78751379551652
"54.33091,18.67451","54.30584,18.56934",8:51,15434.0,8234.0,10149.09,inf,8234.0,2709.0,1188.0,7.368747292704297
"54.33568,18.67158","54.43741,18.7872",6:26,,,,,,,,13.564836111432824
"54.35248,18.57499","54.33745,18.49373",8:16,12800.0,5600.0,7049.45,inf,5600.0,1923.0,631.0,5.525739167644838
"54.36348,18.48809","54.40523,18.43437",7:06,16130.0,8930.0,11480.85,inf,8930.0,2947.0,,5.801055440360689
"54.32027,18.90095","54.43562,18.66251",6:14,,,,,,,,20.07433654000431
"54.33284,18.67927","54.40684,18.88304",6:52,,,,,,,,15.554252777134959
"54.36049,18.74056","54.31093,18.75581",6:39,,,,,,,799.0,5.598803666925501
"54.38798,18.58548","54.39596,18.93523",7:11,,,,,,,,22.660797762882332
"54.32271,18.70162","54.28726,18.79207",9:54,16115.0,8915.0,11716.96,inf,8915.0,2593.0,1107.0,7.069315568071628
"54.40229,18.56339","54.31097,18.704",8:07,20286.0,13086.0,16249.29,inf,13086.0,4255.0,1504.0,13.642716779235654
"54.32293,18.60083","54.38706,18.82311",9:01,,,,,,,,16.072288391957525
"54.34855,18.71978","54.38151,18.93746",9:43,,,,,,,,14.570697310934483
"54.40367,18.52322","54.3679,18.90048",6:58,,,,,,,,24.749827739960484
"54.31034,18.9172","54.38577,18.54882",8:37,,,,,,8438.0,2188.0,25.305484750501673
"54.42811,18.49239","54.36261,18.46046",8:55,16642.0,9442.0,12130.7,inf,9442.0,3201.0,805.0,7.570905966674551
"54.33152,18.92294","54.43167,18.86795",6:25,,,,,,,,11.691680288622615
"54.39168,18.60118","54.35793,18.48507",7:50,15480.0,8280.0,10170.06,inf,8280.0,3421.0,1058.0,8.404690302266141
"54.36789,18.63538","54.33431,18.59374",9:20,11897.0,4697.0,5629.4,inf,4697.0,1754.0,594.0,4.606981432581108
"54.3461,18.59427","54.4313,18.91978",7:56,,,,,,,,23.107145817924582
"54.36084,18.76763","54.33463,18.56234",9:49,,,,,,,1530.0,13.620615122689049
"54.3144,18.92931","54.30872,18.688",8:12,,,,,,4786.0,1333.0,15.666171185514962
"54.31252,18.63658","54.35274,18.85305",6:18,,,,,,4764.0,1545.0,14.730233074923238
"54.41843,18.4841","54.37968,18.74047",9:17,,,,,,,1729.0,17.14523274810173
"54.38064,18.59206","54.3313,18.82142",8:01,,,,,,5291.0,1484.0,15.842502887674858
"54.40421,18.48557","54.39744,18.70001",8:51,,,,,,,1600.0,13.900626780016612
"54.34818,18.7757","54.39982,18.72156",9:44,,,,,,,1221.0,6.728180137766492
"54.28917,18.63155","54.41901,18.46467",7:53,,,,,,6251.0,1126.0,18.038481153647687
"54.38882,18.55857","54.42121,18.78153",7:41,,,,,,,,14.87290062765476
"54.35243,18.70982","54.27906,18.65186",7:48,16872.0,9672.0,12374.66,inf,9672.0,3206.0,1195.0,8.982879160452873
"54.30213,18.66549","54.2956,18.45391",6:56,20863.0,13663.0,17592.65,inf,13663.0,4397.0,1625.0,13.748314684852733
"54.3352,18.63902","54.41159,18.80906",9:27,,,,,,,,13.908702556065268
"54.37407,18.47463","54.33725,18.49329",9:49,11291.0,4091.0,5149.76,inf,4091.0,1317.0,721.0,4.2690157694397985
"54.31783,18.61057","54.33491,18.76264",6:22,16633.0,9433.0,12092.46,inf,9433.0,3606.0,1034.0,10.042242268287112
"54.35708,18.69035","54.35167,18.61203",9:03,,,,,,,806.0,5.110748903080705
"54.35237,18.70109","54.3441,18.75536",6:03,10815.0,3615.0,4627.28,inf,3615.0,1336.0,456.0,3.6355049294488286
"54.36377,18.64233","54.31602,18.86039",9:11,21234.0,14034.0,17714.4,inf,14034.0,4678.0,1550.0,15.099791589675233
"54.38402,18.53963","54.3289,18.58348",9:21,14531.0,7331.0,8900.69,inf,7331.0,2470.0,962.0,6.755655987071647
"54.36685,18.76095","54.30018,18.56991",6:25,,,,,,,1931.0,14.43495553377538
"54.36028,18.59794","54.2815,18.686",9:39,18405.0,11205.0,14057.04,inf,11205.0,3769.0,1746.0,10.457167593095908
"54.35135,18.61485","54.42368,18.46696",7:41,,,,,,,,12.505177459896474
"54.35055,18.62953","54.44494,18.53305",8:34,18873.0,11673.0,14339.18,inf,11673.0,4457.0,1344.0,12.21329423238556
"54.35886,18.75737","54.43095,18.79836",7:03,,,,,,,,8.443837616962572
"54.40917,18.47673","54.2809,18.48973",9:11,,,,,,5058.0,1048.0,14.287840566886551
"54.37464,18.54764","54.28669,18.92339",8:03,,,,,,9217.0,1981.0,26.25256116454094
"54.36005,18.57264","54.37281,18.66069",6:51,13329.0,6129.0,7476.58,inf,6129.0,2192.0,998.0,5.877878073100921
"54.30725,18.58648","54.37274,18.66912",6:56,,,,,,,1252.0,9.040332354454199
"54.30398,18.67613","54.29841,18.87821",7:30,,,,,,4728.0,1665.0,13.126563713411063
"54.40564,18.5143","54.37017,18.63547",9:06,15538.0,8338.0,10241.71,inf,8338.0,3008.0,1108.0,8.781131421490448
"54.39767,18.51848","54.39676,18.60691",9:09,13383.0,6183.0,7459.72,inf,6183.0,2379.0,875.0,5.725278662060061
"54.34487,18.49228","54.34679,18.63251",6:23,15390.0,8190.0,10521.72,inf,8190.0,3279.0,585.0,9.091453047096307
"54.36142,18.72755","54.39605,18.64253",7:14,,,,,,,738.0,6.719011315526896
"54.4059,18.67628","54.42022,18.80212",8:38,,,,,,,,8.297141971150218
"54.3295,18.55338","54.28339,18.43399",6:19,17208.0,10008.0,13013.85,inf,10008.0,3454.0,1308.0,9.288855124569777
"54.39196,18.47145","54.29244,18.68938",9:57,,,,,,6591.0,2353.0,17.94465045994668
"54.39734,18.58593","54.44132,18.49401",8:06,14590.0,7390.0,9210.3,inf,7390.0,2540.0,953.0,7.699577447398162
"54.33625,18.9108","54.35831,18.83426",7:12,11795.0,4595.0,5998.73,inf,4595.0,1556.0,587.0,5.534064876716835
"54.31668,18.86798","54.29183,18.81933",9:54,17861.0,10661.0,13913.59,inf,10661.0,3243.0,1116.0,4.195022236878292
"54.41872,18.60319","54.40278,18.70195",9:27,,,,,,,1122.0,6.632201037171166
"54.36518,18.65075","54.28457,18.62967",7:38,15257.0,8057.0,10204.15,inf,8057.0,2621.0,967.0,9.067061580932682
"54.29656,18.92227","54.31589,18.54669",8:17,,,,,,9034.0,1563.0,24.461095105382388
"54.4051,18.64678","54.37694,18.7409",6:46,,,,,,,1015.0,6.851068588811132
"54.32439,18.71379","54.35169,18.51207",9:10,20829.0,13629.0,16905.51,inf,13629.0,5186.0,1490.0,13.424584777377625
"54.42158,18.58945","54.31977,18.81192",6:35,,,,,,6223.0,1869.0,18.325495529410283
"54.39502,18.58005","54.29638,18.91866",7:52,,,,,,8657.0,2048.0,24.53505587995398
"54.39241,18.49286","54.28538,18.62364",7:35,,,,,,5433.0,1442.0,14.612073062873298
"54.32781,18.93583","54.37297,18.80791",9:01,,,,,,,,9.692409757401187
"54.32095,18.55839","54.31466,18.54332",7:47,12945.0,5745.0,7340.82,inf,5745.0,860.0,541.0,1.2018883510965617
"54.31075,18.92505","54.43408,18.47972",6:45,,,,,,10185.0,1922.0,31.93908896075669
"54.35381,18.94084","54.2879,18.50561",8:16,,,,,,9257.0,,29.16226697866791
"54.3455,18.61746","54.4106,18.93589",8:05,,,,,,,,21.856250851167985
"54.40832,18.50226","54.37021,18.86195",6:40,,,,,,,,23.670888749889333
"54.36239,18.47642","54.33967,18.86129",8:45,,,,,,8417.0,1972.0,25.069615401741377
"54.35168,18.47943","54.42629,18.87049",7:22,,,,,,,,26.644251718884743
"54.37937,18.59139","54.36673,18.68668",8:46,,,,,,,882.0,6.330096763526473
"54.39095,18.46064","54.4269,18.53609",9:15,14011.0,6811.0,8822.8,inf,6811.0,2133.0,897.0,6.310380533056071
"54.40037,18.5118","54.43384,18.82427",9:59,,,,,,,,20.557151799902844
"54.3947,18.45549","54.27666,18.45074",7:40,,,,,,4816.0,2084.0,13.129061093570712
"54.36498,18.64275","54.40725,18.43496",7:25,,,,,,4819.0,,14.25196428230774
"54.33828,18.68635","54.36391,18.50278",9:45,20031.0,12831.0,15837.54,inf,12831.0,4908.0,1242.0,12.233085545741396
"54.33756,18.7248","54.44514,18.67369",6:49,,,,,,,,12.411579297359014
"54.36864,18.72595","54.32004,18.80964",9:00,,,,,,,1346.0,7.656990286574103
"54.30801,18.91803","54.29795,18.61692",8:35,,,,,,6474.0,1483.0,19.568640388857364
"54.36198,18.45988","54.34862,18.54402",8:29,12792.0,5592.0,6956.14,inf,5592.0,2043.0,613.0,5.651002942414049
"54.42076,18.53347","54.38104,18.53106",7:01,11821.0,4621.0,5883.36,inf,4621.0,1606.0,772.0,4.419416428013741
"54.33484,18.71358","54.37987,18.70563",6:19,,,,,,,784.0,5.033536153046907
"54.34203,18.92713","54.32112,18.45669",6:04,,,,,,9163.0,2507.0,30.59037331604648
"54.38039,18.5738","54.41907,18.93905",9:30,,,,,,,,24.0304727848414
"54.37261,18.74145","54.37312,18.56284",9:07,,,,,,,1840.0,11.569050795893181
"54.41482,18.57688","54.44018,18.88052",8:29,,,,,,,,19.842551126669807
"54.37536,18.58878","54.30662,18.81004",6:38,,,,,,5152.0,1574.0,16.252150910544728
"54.40985,18.60958","54.31563,18.53987",8:01,20235.0,13035.0,16053.42,inf,13035.0,4256.0,1262.0,11.408793194279449
"54.35637,18.81472","54.39225,18.76195",7:52,,,,,,,,5.253522506247304
"54.30846,18.58234","54.4228,18.62444",7:12,18920.0,11720.0,14102.4,inf,11720.0,4393.0,,13.003272047557394
"54.37022,18.76899","54.42132,18.79588",8:03,,,,,,,,5.942727322595865
"54.38108,18.6014","54.42365,18.77787",6:44,,,,,,,,12.364088437842032
"54.3549,18.71288","54.29643,18.75982",9:51,13868.0,6668.0,8566.1,inf,6668.0,2007.0,716.0,7.178832030565681
"54.35575,18.47219","54.29665,18.77684",9:07,,,,,,7090.0,1517.0,20.81953004803966
"54.35345,18.80509","54.29536,18.90541",7:38,18572.0,11372.0,14890.27,inf,11372.0,3911.0,1508.0,9.16762543470862
"54.40077,18.65946","54.34555,18.86963",9:24,,,,,,6535.0,1615.0,14.933717439725706
"54.38603,18.50226","54.39047,18.67482",8:06,,,,,,,1500.0,11.183756184293726
"54.36723,18.5178","54.29698,18.8558",7:13,,,,,,7915.0,1673.0,23.26518382019109
"54.28004,18.60804","54.43094,18.91497",8:28,,,,,,,,26.021337241697886
"54.40592,18.57997","54.30474,18.78011",9:44,,,,,,5678.0,1547.0,17.168942944162048
"54.32793,18.56547","54.34447,18.70934",9:20,16128.0,8928.0,11146.43,inf,8928.0,3484.0,1067.0,9.506654801861302
"54.41352,18.57883","54.4196,18.49279",6:36,12592.0,5392.0,6796.07,inf,5392.0,1776.0,804.0,5.607945230229719
"54.34162,18.85919","54.40788,18.8945",7:55,,,,,,,,7.714560835939347
"54.34431,18.569","54.2754,18.53834",7:48,16272.0,9072.0,11339.27,inf,9072.0,3103.0,1514.0,7.916372724375381
"54.28808,18.6074","54.36552,18.54642",9:32,17301.0,10101.0,12659.77,inf,10101.0,3761.0,1238.0,9.475445148565392
"54.31566,18.57761","54.43291,18.52081",7:57,20812.0,13612.0,16883.82,inf,13612.0,4404.0,1190.0,13.546717559345291
"54.35267,18.5152","54.37927,18.44595",6:40,11858.0,4658.0,5961.08,inf,4658.0,1443.0,603.0,5.3735057547800915
"54.32541,18.56002","54.29067,18.84005",6:24,,,,,,6239.0,1345.0,18.572853196867765
"54.37912,18.47186","54.31245,18.79593",7:52,,,,,,7498.0,1673.0,22.274315140120653
"54.39976,18.50932","54.43879,18.51573",9:58,12155.0,4955.0,6435.14,inf,4955.0,1499.0,905.0,4.359707933424326
"54.35525,18.49801","54.4366,18.85065",6:58,,,,,,,,24.55517170074609
"54.35003,18.51691","54.43337,18.80535",6:45,,,,,,,,20.847147113494486
"54.40865,18.51722","54.4142,18.85035",8:13,,,,,,,,21.566017331847632
"54.37222,18.6511","54.42295,18.77081",8:08,,,,,,,,9.584868329827133
"54.3853,18.44078","54.36781,18.90238",8:14,,,,,,,,29.959172905826616
"54.41281,18.48029","54.34594,18.61497",7:06,18461.0,11261.0,14155.41,inf,11261.0,4068.0,848.0,11.461377646675235
"54.39357,18.63999","54.32469,18.89609",8:01,,,,,,6634.0,1724.0,18.2759481582188
"54.33149,18.93261","54.42872,18.44338",6:30,,,,,,10273.0,2418.0,33.47657902171652
"54.40743,18.60507","54.36758,18.9166",9:06,,,,,,,,20.652155897404544
"54.42403,18.45737","54.32488,18.43979",9:40,21511.0,14311.0,18569.11,inf,14311.0,4686.0,1572.0,11.08361993808151
"54.34856,18.66349","54.27615,18.81773",7:55,19346.0,12146.0,15590.68,inf,12146.0,3758.0,939.0,12.842560216987733
"54.3486,18.75084","54.39019,18.94447",7:10,,,,,,,,13.368239123195439
"54.40848,18.50089","54.32021,18.67678",6:12,21378.0,14178.0,17544.35,inf,14178.0,4804.0,1570.0,15.03947217711578
"54.35882,18.80052","54.30976,18.72185",8:12,16478.0,9278.0,12017.81,inf,9278.0,2788.0,,7.468163335133118
"54.3774,18.59152","54.37652,18.47637",9:25,15035.0,7835.0,9881.99,inf,7835.0,2954.0,823.0,7.4583852835258755
"54.34553,18.72768","54.32594,18.54859",8:42,17919.0,10719.0,13423.53,inf,10719.0,4048.0,978.0,11.813064098654765
"54.41531,18.48922","54.42007,18.60419",8:59,14012.0,6812.0,8606.49,inf,6812.0,2360.0,1087.0,7.457502994863953
"54.34255,18.50615","54.40288,18.45213",9:49,15301.0,8101.0,10288.12,inf,8101.0,2964.0,769.0,7.566071382441583
"54.34668,18.80306","54.32552,18.84263",7:07,10430.0,3230.0,4169.58,inf,3230.0,1045.0,525.0,3.4809382064305674
"54.36144,18.5168","54.29724,18.60075",7:13,15952.0,8752.0,10883.7,inf,8752.0,3061.0,1135.0,8.977274180755561
"54.41781,18.56693","54.40077,18.67887",9:44,14199.0,6999.0,8647.51,inf,6999.0,2527.0,1007.0,7.487831748671902
"54.38284,18.44771","54.29186,18.87517",8:59,,,,,,9403.0,2396.0,29.50016085787568
"54.31757,18.91797","54.35436,18.75647",9:01,,,,,,,1751.0,11.240878394212446
"54.33866,18.54417","54.42004,18.68559",8:55,,,,,,,,12.87497612144536
"54.38261,18.62765","54.3847,18.46083",7:41,17109.0,9909.0,12105.01,inf,9909.0,3948.0,1002.0,10.80491122960339
"54.31436,18.64395","54.30254,18.71108",9:14,12671.0,5471.0,7170.56,inf,5471.0,1687.0,885.0,4.548967775011604
"54.35982,18.80719","54.35869,18.53656",6:56,,,,,,6867.0,,17.53547729583087
"54.30492,18.57504","54.35365,18.8832",9:23,,,,,,6150.0,1822.0,20.70294456932837
"54.3495,18.85609","54.39169,18.57386",6:33,,,,,,6266.0,2226.0,18.873911249711597
"54.39981,18.56481","54.34315,18.89324",7:03,,,,,,7122.0,2095.0,22.187063249064305
"54.37133,18.52661","54.35967,18.8992",8:17,,,,,,,,24.172470536965488
"54.3837,18.45619","54.43631,18.49355",8:24,14091.0,6891.0,8861.21,inf,6891.0,2145.0,1194.0,6.329874719755455
"54.35832,18.80578","54.34985,18.76167",8:46,12939.0,5739.0,7421.06,inf,5739.0,1647.0,,3.00956098127294
"54.33088,18.64475","54.44349,18.82367",6:23,,,,,,,,17.058802277392733
"54.38416,18.59349","54.33327,18.93592",8:05,,,,,,6918.0,2176.0,22.897702316720082
"54.39673,18.54391","54.36072,18.68644",6:33,,,,,,,1125.0,10.061682727367485
"54.35438,18.69709","54.41594,18.6111",6:50,17727.0,10527.0,12775.82,inf,10527.0,3609.0,1082.0,8.823808531544014
"54.30457,18.59823","54.41464,18.49822",9:37,21113.0,13913.0,17396.8,inf,13913.0,5615.0,1082.0,13.848757190674299
"54.30667,18.58078","54.34546,18.79247",8:02,20500.0,13300.0,16867.47,inf,13300.0,4720.0,1404.0,14.388877606745623
"54.33089,18.71721","54.32556,18.667",8:18,12217.0,5017.0,6571.09,inf,5017.0,1506.0,1082.0,3.3092380136325987
"54.33904,18.57108","54.34722,18.53241",6:46,11772.0,4572.0,5846.09,inf,4572.0,1603.0,416.0,2.666475036609833
"54.30966,18.92192","54.28189,18.92755",7:45,10410.0,3210.0,4201.37,inf,3210.0,962.0,311.0,3.1094216408054542
"54.29285,18.64839","54.28791,18.82805",6:57,19679.0,12479.0,16393.67,inf,12479.0,3681.0,1118.0,11.67321837562479
"54.41566,18.57968","54.27901,18.7099",6:35,,,,,,5276.0,1566.0,17.381377065750083
"54.36628,18.55653","54.3124,18.5755",9:18,13454.0,6254.0,7627.36,inf,6254.0,2433.0,1051.0,6.116085037638958
"54.28736,18.60995","54.39592,18.94622",8:27,,,,,,,,24.91670838364223
"54.39907,18.67332","54.42363,18.57613",6:46,13343.0,6143.0,7676.31,inf,6143.0,2216.0,957.0,6.856612640744266
"54.38227,18.46824","54.33729,18.87553",6:54,,,,,,8652.0,2102.0,26.85911342617836
"54.4085,18.65929","54.3664,18.67899",7:55,,,,,,,760.0,4.851975543763278
"54.39647,18.46568","54.27579,18.86804",9:09,,,,,,9090.0,1920.0,29.334118025061734
"54.36016,18.61268","54.4151,18.45937",6:17,18715.0,11515.0,14510.92,inf,11515.0,4036.0,1137.0,11.655816392478354
"54.33381,18.48517","54.40818,18.59361",9:03,17978.0,10778.0,13443.93,inf,10778.0,4264.0,1455.0,10.850110457052049
"54.37061,18.56149","54.42534,18.8068",6:11,,,,,,,,17.00568631706368
"54.32231,18.55702","54.28842,18.89452",6:26,,,,,,9207.0,1740.0,22.218331737029466
"54.40812,18.53418","54.3755,18.67677",7:28,,,,,,,1094.0,9.918579944669622
"54.34491,18.7568","54.38881,18.8864",8:56,,,,,,,,9.711635187063495
"54.3816,18.44935","54.33785,18.80198",9:11,,,,,,7917.0,1870.0,23.359973920141822
"54.38636,18.60065","54.44153,18.50117",6:10,15499.0,8299.0,10433.08,inf,8299.0,3076.0,894.0,8.89209609369447
"54.31899,18.57349","54.39641,18.69911",9:03,,,,,,,1555.0,11.847523208851344
"54.3866,18.47057","54.37674,18.76033",8:45,,,,,,,2258.0,18.796280063142095
"54.3365,18.8562","54.2773,18.66703",6:58,21519.0,14319.0,18590.65,inf,14319.0,4242.0,1510.0,13.926541977222987
"54.36752,18.56867","54.41922,18.60213",9:58,13701.0,6501.0,7711.47,inf,6501.0,2712.0,773.0,6.143354664734184
"54.37902,18.46481","54.43015,18.94575",8:59,,,,,,,,31.64223532549419
"54.34293,18.76593","54.36804,18.68405",7:23,,,,,,,802.0,5.9955852100566105
"54.36503,18.52986","54.34622,18.93424",6:25,,,,,,8506.0,2558.0,26.286776565741647
"54.41142,18.46253","54.37691,18.89563",7:27,,,,,,,,28.299496328508447
"54.39061,18.6633","54.32163,18.49073",8:57,20016.0,12816.0,16076.07,inf,12816.0,4424.0,1552.0,13.560048824643939
"54.38157,18.644","54.38356,18.91651",9:46,,,,,,,,17.648205621745692
"54.35835,18.81075","54.43121,18.91833",6:59,,,,,,,,10.68364976442168
"54.32473,18.68979","54.31299,18.65756",6:03,11562.0,4362.0,5626.03,inf,4362.0,1275.0,899.0,2.4644841174158016
"54.33338,18.47932","54.4174,18.54631",7:35,16963.0,9763.0,12483.73,inf,9763.0,3709.0,1224.0,10.300938611506256
"54.37747,18.45644","54.39382,18.54888",7:14,13980.0,6780.0,8679.21,inf,6780.0,2234.0,1194.0,6.255661626614484
"54.37963,18.57296","54.29841,18.45655",6:21,,,,,,4610.0,1650.0,11.769039673892005
"54.36833,18.7199","54.28038,18.50202",8:59,,,,,,,1441.0,17.183528595759736
"54.41227,18.4932","54.3155,18.449",9:54,18873.0,11673.0,14945.44,inf,11673.0,3897.0,1221.0,11.134839319635933
"54.34193,18.6928","54.30308,18.55649",8:48,16526.0,9326.0,11556.76,inf,9326.0,3823.0,758.0,9.838968312227697
"54.34518,18.78984","54.33798,18.81666",6:56,9012.0,1812.0,2379.03,inf,1812.0,541.0,233.0,1.9139934547611188
"54.3475,18.84392","54.31682,18.87146",9:23,11269.0,4069.0,5304.23,inf,4069.0,1201.0,595.0,3.850504105787424
"54.34676,18.85597","54.40027,18.8091",8:23,,,,,,,,6.679755565770861
"54.41346,18.51062","54.40193,18.83242",6:36,,,,,,,,20.86533117269893
"54.30535,18.60528","54.38342,18.50643",8:04,17769.0,10569.0,13290.47,inf,10569.0,4099.0,731.0,10.789393743526748
"54.35822,18.47109","54.3556,18.55455",7:05,12489.0,5289.0,6536.6,inf,5289.0,1780.0,870.0,5.415806937260387
"54.37674,18.70978","54.39975,18.76876",7:48,,,,,,,,4.596713472216472
"54.4209,18.46526","54.42258,18.57288",9:56,14301.0,7101.0,8952.72,inf,7101.0,2369.0,1037.0,6.964960475000557
"54.34551,18.83872","54.325,18.93567",8:09,13010.0,5810.0,7560.6,inf,5810.0,1662.0,663.0,6.686350541143528
"54.37405,18.52854","54.40082,18.67786",7:02,16955.0,9755.0,11899.1,inf,9755.0,3702.0,1147.0,10.116170104691768
"54.34084,18.90478","54.43667,18.62859",9:37,,,,,,,,20.816505391903934
"54.35087,18.72117","54.42209,18.72514",6:33,,,,,,,,7.923473625515115
"54.31601,18.54432","54.34063,18.81694",7:05,,,,,,6580.0,1495.0,17.88799049076756
"54.31862,18.6081","54.41308,18.47186",9:09,20588.0,13388.0,16722.23,inf,13388.0,4971.0,1155.0,13.719391418901962
"54.36086,18.67896","54.42358,18.83225",6:15,,,,,,,,12.129654705416447
"54.39664,18.67618","54.34372,18.52031",6:59,19397.0,12197.0,15220.2,inf,12197.0,4292.0,1220.0,11.686276574730101
"54.34491,18.66156","54.31245,18.68914",8:28,11738.0,4538.0,5724.2,inf,4538.0,1435.0,805.0,4.028126919654692
"54.36796,18.74009","54.37571,18.69277",7:02,10910.0,3710.0,4770.18,inf,3710.0,1368.0,864.0,3.1839245413804034
"54.40566,18.46848","54.30474,18.50704",9:10,18251.0,11051.0,14126.26,inf,11051.0,4091.0,1026.0,11.496608489279375
"54.33963,18.53661","54.30248,18.69232",9:36,18069.0,10869.0,13542.03,inf,10869.0,3604.0,1466.0,10.910594048598199
"54.3877,18.48751","54.37197,18.80908",9:03,,,,,,,,20.898479946647623
"54.40937,18.67042","54.28039,18.65951",7:48,,,,,,,1603.0,14.359344223533713
"54.31255,18.87491","54.35323,18.48615",9:03,,,,,,8339.0,1884.0,25.607886163580996
"54.35512,18.94409","54.32812,18.44125",8:23,,,,,,10270.0,,32.73260248637466
"54.32998,18.60899","54.37637,18.6688",6:27,,,,,,,997.0,6.452188193904817
"54.34759,18.76868","54.29002,18.86426",8:55,15775.0,8575.0,11208.79,inf,8575.0,2431.0,1408.0,8.9110765111251
"54.36502,18.68198","54.30078,18.44059",8:34,,,,,,,1746.0,17.203570759941922
"54.38832,18.45595","54.38972,18.54169",7:37,12805.0,5605.0,7168.85,inf,5605.0,1858.0,1068.0,5.553542238318754
"54.35841,18.44696","54.35045,18.60683",6:49,16909.0,9709.0,12132.87,inf,9709.0,3562.0,945.0,10.397477361642277
"54.34048,18.57539","54.32298,18.90771",6:23,,,,,,6749.0,2168.0,21.634237625124303
"54.32234,18.69228","54.427,18.84945",6:21,,,,,,,,15.461641876465082
"54.36335,18.49107","54.29513,18.67311",9:25,,,,,,4998.0,2222.0,14.030967744363886
"54.34838,18.50136","54.43048,18.78806",8:17,,,,,,,,20.685998578730945
"54.40635,18.4911","54.40556,18.88492",9:58,,,,,,,,25.488039759585362
"54.29446,18.92813","54.42785,18.73512",8:02,,,,,,,,19.400417647431844
"54.30247,18.64475","54.36059,18.88099",8:45,,,,,,,,16.62467088930164
"54.33989,18.53536","54.43378,18.69297",8:10,,,,,,,,14.599385097900743
"54.31415,18.57335","54.41144,18.926",9:08,,,,,,,,25.27914720151756
"54.40248,18.5351","54.37569,18.43733",6:53,15854.0,8654.0,11118.03,inf,8654.0,3031.0,1450.0,6.996139726980657
"54.35304,18.55065","54.31631,18.69512",7:32,17069.0,9869.0,12295.94,inf,9869.0,3627.0,,10.2180318307293
"54.33913,18.57243","54.36098,18.74856",6:25,,,,,,,1237.0,11.670321576229602
"54.31143,18.5773","54.38044,18.53884",6:35,15325.0,8125.0,10103.69,inf,8125.0,2750.0,713.0,8.068296570290855
"54.35949,18.69116","54.4269,18.94259",6:03,,,,,,,,17.920454089988397
"54.40906,18.52962","54.41638,18.43561",6:51,12356.0,5156.0,6647.28,inf,5156.0,1611.0,963.0,6.137508655132236
"54.33257,18.47946","54.41689,18.48016",8:01,16631.0,9431.0,11967.98,inf,9431.0,3161.0,1198.0,9.376065832625743
"54.35055,18.4663","54.34559,18.71517",9:07,,,,,,5562.0,1299.0,16.138941681995636
"54.34875,18.46744","54.44402,18.49396",9:06,18405.0,11205.0,14345.62,inf,11205.0,3683.0,741.0,10.731746825987848
"54.42952,18.46994","54.35046,18.76655",6:35,,,,,,6899.0,1908.0,21.120492266898243
"54.34631,18.85566","54.27934,18.70678",9:33,18960.0,11760.0,15279.12,inf,11760.0,3545.0,1231.0,12.194991695944331
"54.3317,18.60397","54.3066,18.93779",9:39,,,,,,7391.0,1928.0,21.829575974863673
"54.42128,18.50802","54.39106,18.60968",9:18,14462.0,7262.0,8956.36,inf,7262.0,2720.0,,7.387815472834206
"54.42361,18.59795","54.39912,18.84369",6:28,,,,,,,,16.133597685030544
"54.31865,18.9157","54.36868,18.6587",9:38,,,,,,6038.0,1957.0,17.56256904212636
"54.36984,18.53857","54.40719,18.66533",7:05,,,,,,,1539.0,9.198327307251363
"54.39167,18.67258","54.30612,18.81456",9:09,,,,,,,1057.0,13.234910574153965
"54.3554,18.72012","54.27787,18.55533",6:40,,,,,,,1603.0,13.731785017919167
"54.35029,18.85663","54.31003,18.52853",9:41,,,,,,7457.0,1857.0,21.73966807844806
"54.3308,18.59326","54.27796,18.44684",9:04,17681.0,10481.0,13352.71,inf,10481.0,3316.0,1778.0,11.169893939029938
"54.3518,18.63387","54.27996,18.74671",7:58,17805.0,10605.0,13559.11,inf,10605.0,4398.0,1302.0,10.83419607571751
"54.33894,18.60054","54.34222,18.89279",6:23,,,,,,5923.0,1648.0,18.94797505014412
"54.34259,18.83894","54.3112,18.85315",6:40,12552.0,5352.0,6964.2,inf,5352.0,1558.0,788.0,3.609986633793642
"54.3379,18.626","54.42008,18.88031",8:21,,,,,,,,18.83489318507683
"54.35103,18.6345","54.37126,18.75024",7:25,,,,,,,1335.0,7.8289694057314145
"54.39244,18.5608","54.30429,18.65213",6:50,19215.0,12015.0,14812.3,inf,12015.0,4027.0,1412.0,11.45042392048728
"54.32867,18.86034","54.38472,18.61833",8:36,,,,,,5761.0,1787.0,16.874739426895175
"54.40499,18.64158","54.32296,18.45167",7:44,,,,,,5783.0,1916.0,15.31581991512779
"54.35378,18.63094","54.38309,18.74724",6:28,,,,,,,,8.208521920870531
"54.32628,18.58395","54.40282,18.70011",8:35,,,,,,,1353.0,11.360756034363654
"54.35822,18.72803","54.28344,18.69419",6:19,,,,,,,1224.0,8.599904237077796
"54.36354,18.62665","54.28079,18.65196",7:17,16463.0,9263.0,11749.68,inf,9263.0,3022.0,1571.0,9.346635325096132
"54.40042,18.6305","54.40011,18.64188",7:39,8105.0,905.0,1106.47,0.0,905.0,327.0,183.0,0.737418732697591
"54.35044,18.63281","54.41106,18.81644",9:44,,,,,,,,13.669329906344837
"54.36124,18.56743","54.39335,18.46703",8:40,13808.0,6608.0,8395.98,inf,6608.0,2224.0,1159.0,7.418183467517065
"54.36347,18.70571","54.34813,18.75",9:53,,,,,,,773.0,3.3385740004585163
"54.35281,18.5708","54.41251,18.64344",6:55,14724.0,7524.0,8876.43,inf,7524.0,2812.0,1139.0,8.1359867471213
"54.32462,18.71038","54.27547,18.8742",9:55,19282.0,12082.0,15806.7,inf,12082.0,3466.0,1376.0,11.952413226580225
"54.3423,18.90715","54.32896,18.60445",7:14,,,,,,6409.0,1869.0,19.680205099749603
"54.31292,18.86826","54.28752,18.70345",6:14,19870.0,12670.0,16515.14,inf,12670.0,3772.0,1322.0,11.060616970479577
"54.28602,18.60756","54.38355,18.56788",9:23,18129.0,10929.0,13619.29,inf,10929.0,3720.0,1934.0,11.145783822511198
"54.36993,18.54672","54.28362,18.85557",7:28,,,,,,6928.0,1856.0,22.208036529201383
"54.30786,18.59852","54.43031,18.65155",9:53,,,,,,,,14.042467542266847
"54.36193,18.54435","54.33004,18.92895",8:16,,,,,,7848.0,2478.0,25.17850823142207
"54.37281,18.68823","54.43993,18.62714",9:48,,,,,,,,8.445947329158807
"54.33891,18.66267","54.35659,18.62082",6:46,10651.0,3451.0,4167.19,inf,3451.0,1354.0,725.0,3.349892445924391
"54.41559,18.55657","54.35937,18.48515",9:24,14937.0,7737.0,9795.18,inf,7737.0,2704.0,1118.0,7.775890437681161
"54.30942,18.65627","54.39989,18.63756",9:15,16873.0,9673.0,12055.59,inf,9673.0,3346.0,1024.0,10.132602710639437
"54.37516,18.66772","54.32285,18.67721",9:49,,,,,,,799.0,5.849033246895949
"54.37852,18.61162","54.36549,18.5171",9:16,13985.0,6785.0,8454.71,inf,6785.0,2992.0,1053.0,6.2914742040485585
"54.33118,18.85943","54.38164,18.60218",8:46,,,,,,5773.0,1966.0,17.58823000072012
"54.35364,18.83719","54.38444,18.76277",8:46,,,,,,,,5.913472616910951
"54.30208,18.65827","54.36535,18.76686",7:20,,,,,,,1490.0,9.952944822277024
"54.38508,18.50494","54.29192,18.47851",8:43,20456.0,13256.0,17009.75,inf,13256.0,4582.0,1226.0,10.499656664851399
"54.37195,18.68163","54.39783,18.90181",8:47,,,,,,,,14.544824510721314
"54.41511,18.55948","54.36001,18.49865",9:26,14648.0,7448.0,9395.82,inf,7448.0,2627.0,1158.0,7.283629468215092
"54.41855,18.57031","54.39033,18.80849",6:53,,,,,,,,15.731634873483495
"54.33081,18.66347","54.28183,18.50566",9:04,18095.0,10895.0,13636.73,inf,10895.0,3715.0,1388.0,11.596701832133059
"54.29101,18.61118","54.38893,18.58733",6:21,18908.0,11708.0,14380.84,inf,11708.0,3691.0,1061.0,10.997423180769783
"54.40349,18.5934","54.31856,18.82434",8:32,,,,,,5641.0,1476.0,17.69373558026984
"54.33791,18.69583","54.34014,18.60118",7:39,13469.0,6269.0,7682.09,inf,6269.0,2357.0,657.0,6.140722940552619
"54.35671,18.45163","54.40326,18.5452",6:01,15555.0,8355.0,10700.66,inf,8355.0,2868.0,1428.0,7.969423005591399
"54.36223,18.52896","54.38021,18.53409",8:34,9552.0,2352.0,3034.44,inf,2352.0,731.0,449.0,2.026711248423153
"54.38131,18.66577","54.39829,18.66371",6:42,,,,,,,396.0,1.8927948189182144
"54.34334,18.94258","54.31825,18.7567",7:18,18122.0,10922.0,14264.0,inf,10922.0,3215.0,1236.0,12.370828460148898
"54.33588,18.5632","54.31882,18.59733",7:39,11131.0,3931.0,4955.61,inf,3931.0,1595.0,645.0,2.9148645202491887
"54.36958,18.77522","54.37416,18.44555",6:26,,,,,,,2112.0,21.359933008051776
"54.40169,18.57329","54.34636,18.90035",9:39,,,,,,7218.0,2221.0,22.059028367571564
"54.33073,18.67258","54.27598,18.52508",6:35,19344.0,12144.0,15588.01,inf,12144.0,4216.0,2101.0,11.342315480838757
"54.36286,18.61018","54.43595,18.71777",9:58,,,,,,,,10.702967055143457
"54.3678,18.45158","54.27916,18.5563",8:38,19851.0,12651.0,16314.11,inf,12651.0,4085.0,1557.0,11.969360963907386
"54.39591,18.61084","54.43255,18.62659",6:01,,,,,,,,4.199712550808145
"54.36767,18.71643","54.31774,18.61309",9:40,,,,,,,1105.0,8.700198633644984
"54.32568,18.60708","54.35921,18.7736",8:52,,,,,,,1478.0,11.419588445571232
"54.3317,18.89624","54.33112,18.58354",8:17,,,,,,6358.0,1900.0,20.274712649552132
"54.37594,18.56709","54.36375,18.5107",6:45,11463.0,4263.0,5381.3,inf,4263.0,1804.0,863.0,3.8961426895038476
"54.33554,18.61909","54.32952,18.85329",7:22,,,,,,5272.0,1591.0,15.199224928107181
"54.36599,18.5895","54.44075,18.56148",9:53,15140.0,7940.0,9650.62,inf,7940.0,3265.0,928.0,8.508457583692028
"54.42172,18.5622","54.41296,18.88572",8:25,,,,,,,,20.95494487878566
"54.34982,18.48905","54.39656,18.49612",8:10,13876.0,6676.0,8453.3,inf,6676.0,2288.0,904.0,5.217386322022213
"54.34302,18.88035","54.31558,18.88004",9:47,10432.0,3232.0,4198.58,inf,3232.0,928.0,591.0,3.051254995677945
"54.29915,18.66611","54.32819,18.497",6:00,18838.0,11638.0,14856.58,inf,11638.0,3885.0,1398.0,11.434772616716957
"54.40605,18.62361","54.36412,18.63299",6:35,11665.0,4465.0,5358.38,inf,4465.0,1613.0,512.0,4.701799072850491
"54.33051,18.49337","54.43871,18.8548",7:49,,,,,,,,26.315177605040557
"54.28281,18.93353","54.40904,18.46841",6:19,,,,,,10608.0,1869.0,33.2538389275993
"54.35255,18.60791","54.27747,18.6852",8:30,17214.0,10014.0,12501.11,inf,10014.0,3231.0,1537.0,9.738100058213483
"54.31914,18.57163","54.37106,18.76818",9:07,,,,,,,1856.0,13.986627956036628
"54.37376,18.53372","54.4221,18.82567",6:39,,,,,,,,19.6481443201513
"54.39843,18.55983","54.33552,18.69013",8:23,17381.0,10181.0,12388.99,inf,10181.0,3641.0,1230.0,10.962852868919853
"54.42927,18.46852","54.43945,18.80791",6:53,,,,,,,,21.979157650212922
"54.35557,18.75784","54.29554,18.66097",6:19,,,,,,,1540.0,9.16600090136075
"54.33171,18.87163","54.37806,18.55863",6:54,,,,,,7159.0,2252.0,20.927043778940025
"54.36268,18.45861","54.39434,18.88288",6:14,,,,,,,,27.70157196589069
"54.3333,18.64215","54.39014,18.89723",7:29,,,,,,,,17.69382610618189
"54.34889,18.70675","54.42599,18.72226",8:19,,,,,,,,8.631747641050733
"54.29401,18.63586","54.42711,18.68148",7:37,,,,,,,,15.092313886877358
"54.35551,18.48201","54.29377,18.64031",6:01,20034.0,12834.0,16116.1,inf,12834.0,4632.0,1241.0,12.349480999516594
"54.36887,18.48837","54.27987,18.88135",7:05,,,,,,9068.0,1977.0,27.338176648612066
"54.34518,18.74954","54.28483,18.53231",6:41,,,,,,6354.0,1728.0,15.60661868889833
"54.28976,18.60923","54.35112,18.9371",9:17,,,,,,6406.0,1657.0,22.331674599001587
"54.36832,18.74694","54.29079,18.52261",8:35,,,,,,,1598.0,16.908430325514672
"54.38635,18.6859","54.44054,18.57754",8:13,,,,,,,,9.245164969944312
"54.38576,18.45171","54.30274,18.56213",7:25,18998.0,11798.0,14880.52,inf,11798.0,4202.0,1209.0,11.680873646585033
"54.32961,18.84497","54.30911,18.61572",7:33,,,,,,4731.0,1212.0,15.042023899599425
"54.29115,18.63242","54.3797,18.8281",9:53,,,,,,,,16.058870019126093
"54.37248,18.51987","54.38031,18.71841",8:29,,,,,,,1773.0,12.888151742737213
"54.41194,18.57328","54.29935,18.72419",9:06,,,,,,5788.0,1254.0,15.885892830087503
"54.33491,18.91676","54.31707,18.73254",6:58,18263.0,11063.0,14348.31,inf,11063.0,3400.0,1106.0,12.10948606307906
"54.28714,18.62646","54.34493,18.50842",6:29,17632.0,10432.0,13249.69,inf,10432.0,4087.0,1185.0,9.99555506317546
"54.34802,18.53864","54.31648,18.54542",8:17,12844.0,5644.0,7238.8,inf,5644.0,1657.0,655.0,3.5345301953788026
"54.42214,18.49321","54.29573,18.44429",9:21,,,,,,4766.0,1669.0,14.409110128428189
"54.31513,18.93133","54.28231,18.54141",7:16,,,,,,9866.0,2090.0,25.563258596151567
"54.3664,18.73955","54.38559,18.87044",6:30,,,,,,,,8.74177927006089
"54.35755,18.94951","54.36405,18.72305",9:55,,,,,,,,14.690346093481338
"54.32365,18.53694","54.42092,18.57907",9:16,19581.0,12381.0,15693.23,inf,12381.0,4102.0,1292.0,11.154870097053385
"54.3772,18.63178","54.33399,18.48317",9:30,18163.0,10963.0,13366.74,inf,10963.0,3884.0,1357.0,10.761902142273994
"54.38783,18.46891","54.35731,18.8298",9:12,,,,,,8420.0,1960.0,23.620744289093487
"54.35622,18.52115","54.32507,18.75085",6:26,21515.0,14315.0,17723.3,inf,14315.0,5360.0,1319.0,15.287342563331954
"54.27849,18.63796","54.41963,18.86984",8:19,,,,,,,,21.728868476318908
"54.40153,18.58351","54.33148,18.50805",7:16,16857.0,9657.0,11862.01,inf,9657.0,3715.0,1218.0,9.196118782736242
"54.30228,18.92169","54.4207,18.57411",9:28,,,,,,8993.0,2033.0,26.086806019144145
"54.40546,18.49136","54.3766,18.858",6:38,,,,,,,,23.953383122290823
"54.36992,18.76318","54.31776,18.83436",7:34,,,,,,,1897.0,7.411180779116963
"54.32787,18.6497","54.31578,18.92204",7:07,,,,,,6456.0,1908.0,17.712986086282573
"54.3638,18.70046","54.28781,18.55151",7:42,,,,,,,1024.0,12.833176082561785
"54.32705,18.47672","54.32434,18.59737",6:37,14666.0,7466.0,9434.94,inf,7466.0,2556.0,1313.0,7.829508542033874
"54.33414,18.64833","54.35917,18.79387",7:14,20149.0,12949.0,16730.8,inf,12949.0,4653.0,1341.0,9.834950781650024
"54.35227,18.70756","54.41813,18.73699",9:49,,,,,,,,7.567182373047992
"54.32801,18.70071","54.29879,18.93072",9:00,,,,,,5018.0,1640.0,15.26943885300724
"54.41829,18.46142","54.40218,18.83304",6:32,,,,,,,,24.115230582345003
"54.39218,18.48749","54.41761,18.63685",8:02,17174.0,9974.0,12470.41,inf,9974.0,3441.0,,10.071869437382544
"54.33715,18.51167","54.29293,18.43869",6:38,13477.0,6277.0,8189.77,inf,6277.0,2066.0,1155.0,6.825341169991607
"54.32837,18.63915","54.36447,18.66763",6:37,,,,,,,1079.0,4.4182137841572775
"54.37217,18.75087","54.3631,18.60502",8:47,,,,,,,1630.0,9.501863132762008
"54.37086,18.6201","54.42195,18.57849",6:14,13105.0,5905.0,6986.61,inf,5905.0,2241.0,747.0,6.287188267102849
"54.4013,18.48396","54.28053,18.64164",9:41,,,,,,,1259.0,16.87633359047827
"54.34623,18.84384","54.28657,18.72463",9:17,17154.0,9954.0,12913.79,inf,9954.0,2995.0,1034.0,10.187906773011083
"54.36017,18.79127","54.39009,18.60426",6:37,,,,,,5836.0,1526.0,12.560934005392923
"54.42478,18.48272","54.32101,18.60137",8:30,21070.0,13870.0,17259.12,inf,13870.0,5225.0,997.0,13.863746703970302
"54.3838,18.52294","54.44477,18.8525",8:19,,,,,,,,22.376417293755548
"54.4108,18.60101","54.28867,18.45033",9:58,,,,,,6320.0,2264.0,16.726752331172666
"54.41864,18.51889","54.37765,18.49375",6:06,13654.0,6454.0,8254.68,inf,6454.0,2385.0,576.0,4.839688240408811
"54.3587,18.54215","54.2951,18.93043",6:36,,,,,,8839.0,2153.0,26.152098967994633
"54.29502,18.61906","54.32424,18.76385",6:26,16600.0,9400.0,12219.75,inf,9400.0,2839.0,657.0,9.938850550098133
"54.35316,18.78677","54.32373,18.67779",8:07,18901.0,11701.0,15240.55,inf,11701.0,3593.0,1279.0,7.785876386878782
"54.34944,18.70308","54.32867,18.93569",6:13,20490.0,13290.0,17190.26,inf,13290.0,4429.0,1417.0,15.254834473800628
"54.41777,18.56071","54.33726,18.71061",6:49,19634.0,12434.0,15153.91,inf,12434.0,4730.0,1458.0,13.2057941577646
"54.31471,18.67623","54.38999,18.51141",9:14,21057.0,13857.0,17305.97,inf,13857.0,5209.0,1347.0,13.570336832731474
"54.31001,18.59914","54.44292,18.91233",7:06,,,,,,,,25.09703022560712
"54.38341,18.5658","54.29168,18.63587",7:32,17979.0,10779.0,13333.91,inf,10779.0,3759.0,1339.0,11.165670654238182
"54.34671,18.74064","54.37114,18.59377",9:51,16832.0,9632.0,11842.35,inf,9632.0,3458.0,1275.0,9.89641002862854
"54.34751,18.54659","54.30871,18.45809",9:33,19286.0,12086.0,15448.6,inf,12086.0,3986.0,1152.0,7.179471725512968
"54.36725,18.60433","54.4103,18.52386",6:03,14050.0,6850.0,8531.29,inf,6850.0,2657.0,,7.075362115829827
"54.34187,18.73235","54.36701,18.85828",9:00,,,,,,,,8.62591526003107
"54.34673,18.85423","54.42884,18.71417",8:40,,,,,,,,12.86861715749474
"54.42905,18.46662","54.30772,18.43504",8:13,,,,,,5329.0,1793.0,13.645497829808244
"54.4057,18.56158","54.27593,18.93553",6:30,,,,,,9271.0,2150.0,28.210111880288917
"54.39486,18.58635","54.28066,18.91254",8:37,,,,,,8787.0,1831.0,24.66582844955972
"54.30656,18.64585","54.30164,18.65771",6:49,8966.0,1766.0,2300.55,inf,1766.0,527.0,333.0,0.9441380161341785
"54.32337,18.55426","54.30756,18.7848",6:52,,,,,,5411.0,1488.0,15.056365838966016
"54.29825,18.92418","54.38779,18.69807",8:19,,,,,,,1328.0,17.718188963882355
"54.42484,18.58054","54.44034,18.705",9:02,,,,,,,,8.232225497824452
"54.34187,18.62281","54.29206,18.74638",9:34,16933.0,9733.0,12457.02,inf,9733.0,2978.0,1330.0,9.742311997808216
"54.3702,18.61402","54.4033,18.92153",6:45,,,,,,,,20.248577014112946
"54.39055,18.46561","54.3671,18.72793",9:32,,,,,,,1789.0,17.187442417785807
"54.40485,18.47584","54.34298,18.72658",8:14,,,,,,5945.0,1598.0,17.637535763990986
"54.34473,18.50637","54.33805,18.77741",7:02,,,,,,5964.0,1396.0,17.584922881458112
"54.32379,18.90523","54.32069,18.55143",6:27,,,,,,7520.0,1849.0,22.94712008379797
"54.33873,18.54711","54.35131,18.94725",7:26,,,,,,,,25.97307469307478
"54.31811,18.59067","54.32996,18.82079",9:46,21308.0,14108.0,18028.55,inf,14108.0,5395.0,1425.0,14.981090329126513
"54.35505,18.6493","54.29086,18.46745",9:46,20494.0,13294.0,16586.71,inf,13294.0,4497.0,1509.0,13.784851595625655
"54.35268,18.51152","54.30991,18.488",6:32,11641.0,4441.0,5677.74,inf,4441.0,1480.0,929.0,4.9943224589972
"54.35151,18.76755","54.38977,18.93661",8:18,,,,,,,,11.7482823795128
"54.32776,18.86191","54.37457,18.68362",9:55,,,,,,,1282.0,12.67256414385915
"54.35147,18.60457","54.29538,18.52276",7:57,15173.0,7973.0,9901.19,inf,7973.0,2781.0,906.0,8.188171241284666
"54.3632,18.67499","54.38473,18.93884",7:32,,,,,,,,17.256476911641084
"54.42342,18.48712","54.35453,18.53558",7:30,15243.0,8043.0,10240.77,inf,8043.0,2665.0,684.0,8.277896742065286
"54.37848,18.61236","54.34936,18.8025",7:03,,,,,,5167.0,1799.0,12.73687283776451
"54.37146,18.63369","54.29067,18.45222",8:31,,,,,,5400.0,1923.0,14.803500645920659
"54.33962,18.75845","54.43229,18.80164",6:41,,,,,,,,10.677188800174958
"54.3252,18.92901","54.39139,18.81503",8:27,,,,,,,,10.426526131923541
"54.37507,18.46466","54.38207,18.93758",7:55,,,,,,,,30.63751767606582
"54.40332,18.60202","54.386,18.62268",6:15,9515.0,2315.0,2843.0,inf,2315.0,922.0,433.0,2.344764905186048
"54.2867,18.62632","54.29656,18.83153",7:48,20980.0,13780.0,17970.59,inf,13780.0,4314.0,1084.0,13.363179098169452
"54.40016,18.5797","54.3078,18.46423",7:42,19712.0,12512.0,15684.54,inf,12512.0,4478.0,1789.0,12.70677664340207
"54.39755,18.6567","54.43316,18.57039",9:27,13342.0,6142.0,7709.55,inf,6142.0,2066.0,954.0,6.84598178560881
"54.32026,18.61178","54.34146,18.92308",6:14,,,,,,6330.0,2130.0,20.321299186438036
"54.3194,18.64508","54.34683,18.87299",7:47,,,,,,4556.0,1653.0,15.087958019744741
"54.35053,18.52526","54.43622,18.76338",9:21,,,,,,,,18.122757754591277
"54.34795,18.51114","54.33129,18.62918",9:30,14321.0,7121.0,8911.38,inf,7121.0,3082.0,651.0,7.872918854059391
"54.30133,18.61795","54.34871,18.94147",9:59,,,,,,6228.0,,21.630801190101263
"54.33527,18.69996","54.35452,18.5402",7:20,17745.0,10545.0,13023.58,inf,10545.0,3906.0,1113.0,10.57392845596954
"54.29788,18.6214","54.30162,18.48115",9:31,15820.0,8620.0,11099.15,inf,8620.0,2913.0,1447.0,9.109927741973793
"54.351,18.7263","54.40214,18.87666",9:06,,,,,,,,11.276941275019677
"54.35793,18.77832","54.34642,18.45814",8:32,,,,,,,1819.0,20.78854265265175
"54.35235,18.81039","54.37093,18.58788",7:07,,,,,,6000.0,1732.0,14.56362276881335
"54.41739,18.49216","54.35701,18.94997",7:13,,,,,,9814.0,,30.39365252281189
"54.41421,18.47514","54.32118,18.44991",9:56,18951.0,11751.0,15059.02,inf,11751.0,3892.0,1258.0,10.472783803180139
"54.40904,18.56599","54.29351,18.4841",8:24,,,,,,5231.0,1665.0,13.899369916958632
"54.34568,18.82076","54.41171,18.87494",9:31,,,,,,,,8.13756100333241
"54.34881,18.61386","54.36481,18.60899",7:27,9212.0,2012.0,2235.96,inf,2012.0,862.0,420.0,1.8068878140121423
"54.35017,18.51069","54.4073,18.54155",8:01,14019.0,6819.0,8688.56,inf,6819.0,2777.0,864.0,6.659534579702635
"54.4017,18.4651","54.2836,18.71761",8:16,,,,,,7277.0,1722.0,20.984513153426793
"54.33654,18.75468","54.42075,18.75045",9:26,,,,,,,,9.367731226118424
"54.33283,18.934","54.43258,18.77604",8:01,,,,,,,,15.088283666207772
"54.31876,18.86883","54.28888,18.69251",6:07,,,,,,4859.0,1864.0,11.912496842466837
"54.33607,18.92043","54.34868,18.45602",7:37,,,,,,9312.0,2110.0,30.135648952949428
"54.35913,18.60609","54.37825,18.84916",8:19,,,,,,,,15.888591469506578
"54.38839,18.58366","54.40667,18.49898",8:48,12820.0,5620.0,7140.41,inf,5620.0,1874.0,923.0,5.846322283322197
"54.4171,18.61482","54.36786,18.62064",8:36,12697.0,5497.0,6699.31,inf,5497.0,1940.0,919.0,5.488187840849776
"54.36895,18.65225","54.42356,18.48929",6:56,18717.0,11517.0,14284.83,inf,11517.0,3958.0,1243.0,12.172076308500893
"54.33061,18.88695","54.27711,18.56096",9:20,,,,,,9447.0,2201.0,21.971144679641963
"54.28227,18.64057","54.34516,18.45306",9:25,20922.0,13722.0,17426.06,inf,13722.0,4975.0,1051.0,14.029898932816414
"54.36712,18.54522","54.37811,18.50273",7:30,9935.0,2735.0,3457.35,inf,2735.0,1008.0,681.0,3.0112847967681633
"54.38148,18.61715","54.28291,18.53177",7:19,20991.0,13791.0,17196.03,inf,13791.0,4567.0,1938.0,12.279094801098598
"54.35985,18.47851","54.32948,18.52308",7:05,11897.0,4697.0,5948.2,inf,4697.0,1583.0,685.0,4.444053776631226
"54.32136,18.91732","54.35801,18.60877",8:49,,,,,,6439.0,1996.0,20.4124553971008
"54.33597,18.68407","54.39657,18.57926",7:14,16004.0,8804.0,10655.42,inf,8804.0,3090.0,1152.0,9.565983844939183
"54.4152,18.52504","54.33642,18.51725",8:56,16503.0,9303.0,11854.9,inf,9303.0,3500.0,,8.774453933199945
"54.35082,18.82542","54.38165,18.84587",7:00,,,,,,,,3.6752191080980987
"54.31507,18.89768","54.4009,18.81299",9:25,,,,,,,,11.009002565845245
"54.41167,18.60234","54.33481,18.54076",9:28,16879.0,9679.0,11588.52,inf,9679.0,3867.0,,9.431369869390723
"54.38847,18.4766","54.42563,18.73248",7:01,,,,,,,,17.06774834925694
"54.36427,18.46856","54.30798,18.56554",7:21,16288.0,9088.0,11451.95,inf,9088.0,3162.0,826.0,8.871639458056599
"54.41356,18.47035","54.29598,18.54803",6:59,20955.0,13755.0,17603.21,inf,13755.0,4416.0,775.0,14.009831802281884
"54.32458,18.86374","54.34369,18.75585",6:28,15091.0,7891.0,10251.81,inf,7891.0,2479.0,1084.0,7.310474398875593
"54.37872,18.60092","54.28209,18.67614",7:08,18941.0,11741.0,14713.4,inf,11741.0,3648.0,1925.0,11.799866566639546
"54.31045,18.62351","54.38958,18.53045",7:40,17391.0,10191.0,12920.98,inf,10191.0,3778.0,1161.0,10.667385741257684
"54.35082,18.8571","54.31557,18.76548",7:20,13906.0,6706.0,8702.93,inf,6706.0,2073.0,1168.0,7.116785687253131
"54.37878,18.69013","54.40919,18.75319",7:54,,,,,,,,5.30096641373588
"54.32159,18.8666","54.35286,18.54163",8:56,,,,,,6934.0,1822.0,21.352191451312073
"54.39617,18.47213","54.38332,18.77665",6:31,,,,,,,,19.7679313146606
"54.35283,18.6541","54.30628,18.49875",7:31,18299.0,11099.0,13762.99,inf,11099.0,3851.0,1432.0,11.325021200582453
"54.41066,18.61755","54.32906,18.64024",9:46,15748.0,8548.0,10506.39,inf,8548.0,2925.0,952.0,9.1917773081226
"54.34373,18.54766","54.29244,18.93906",6:43,,,,,,,1906.0,26.018268659405194
"54.38648,18.48888","54.42366,18.67983",8:39,,,,,,,,13.031660539659692
"54.3303,18.68927","54.38304,18.60982",9:25,14660.0,7460.0,9028.26,inf,7460.0,2640.0,1197.0,7.803522169171728
"54.3595,18.62422","54.41181,18.59967",6:47,13465.0,6265.0,7498.36,inf,6265.0,2549.0,857.0,6.029918421169698
"54.29344,18.62172","54.32935,18.47884",7:12,16992.0,9792.0,12466.41,inf,9792.0,3123.0,1349.0,10.092001068536769
"54.41701,18.49082","54.287,18.71041",7:02,,,,,,6271.0,1662.0,20.28534461461197
"54.37668,18.60374","54.39465,18.85193",8:31,,,,,,,,16.194471657846634
"54.28696,18.92841","54.35744,18.72819",7:32,,,,,,,1362.0,15.166387244298539
"54.33202,18.49394","54.36397,18.71079",7:32,,,,,,,1503.0,14.496367407681475
"54.34415,18.53383","54.33891,18.68276",7:41,16485.0,9285.0,11189.22,inf,9285.0,3726.0,918.0,9.671409656205746
"54.37479,18.65581","54.42208,18.73895",9:41,,,,,,,,7.5242570811814335
"54.33657,18.72272","54.43601,18.63271",7:12,,,,,,,,12.49920887394638
"54.34692,18.80398","54.28037,18.80368",9:42,16253.0,9053.0,11736.55,inf,9053.0,2589.0,1185.0,7.400047954258398
"54.38542,18.61572","54.4143,18.45887",9:05,17595.0,10395.0,12979.73,inf,10395.0,3541.0,1086.0,10.648555938173402
"54.33617,18.66156","54.39004,18.9109",7:03,,,,,,,,17.228888412194113
"54.36438,18.77609","54.44014,18.85577",6:37,,,,,,,,9.877447671181084
"54.37117,18.59037","54.43228,18.65103",8:05,,,,,,,,7.847899695395862
"54.35449,18.83562","54.38755,18.75871",9:50,,,,,,,,6.191316283552153
"54.42354,18.45185","54.43953,18.43454",6:02,9887.0,2687.0,3487.09,inf,2687.0,758.0,451.0,2.1011452833133912
"54.36041,18.59924","54.35418,18.67172",7:26,11919.0,4719.0,5721.53,inf,4719.0,1798.0,811.0,4.747265789107419
"54.35519,18.55226","54.41121,18.85224",8:39,,,,,,,,20.399689165348533
"54.35731,18.50822","54.31746,18.73526",8:19,,,,,,5838.0,1248.0,15.371060561178293
"54.35219,18.59702","54.40213,18.84899",6:17,,,,,,,,17.237806570093213
"54.39611,18.46827","54.42655,18.58593",9:19,15349.0,8149.0,10331.52,inf,8149.0,2701.0,1231.0,8.332377648888592
"54.32198,18.88154","54.38318,18.45071",9:29,,,,,,9505.0,2565.0,28.736805680333653
"54.36349,18.46469","54.38201,18.67756",8:09,,,,,,,,13.940973049489363
"54.40334,18.5562","54.29578,18.76683",6:51,,,,,,5673.0,1473.0,18.148952437940974
"54.32446,18.68242","54.29143,18.61384",7:22,15205.0,8005.0,10310.51,inf,8005.0,2341.0,858.0,5.769188071084114
"54.35071,18.93528","54.30526,18.50663",6:46,,,,,,8988.0,2275.0,28.250500253035703
"54.32511,18.90658","54.35942,18.47904",6:02,,,,,,9022.0,2251.0,27.974548083905226
"54.41245,18.49325","54.2827,18.79768",9:51,,,,,,7285.0,1600.0,24.44281616430162
"54.32317,18.59197","54.33351,18.76694",6:49,18228.0,11028.0,13997.17,inf,11028.0,4337.0,1117.0,11.403537719172396
"54.34847,18.75934","54.28852,18.83304",7:57,15007.0,7807.0,10210.23,inf,7807.0,2232.0,847.0,8.202795215176042
"54.35465,18.77199","54.39255,18.84093",6:08,,,,,,,,6.139958688151594
"54.36699,18.5459","54.41719,18.59545",9:48,14217.0,7017.0,8219.74,inf,7017.0,2919.0,872.0,6.4381266860011195
"54.417,18.58455","54.3701,18.52975",9:18,13485.0,6285.0,7895.72,inf,6285.0,2303.0,976.0,6.307371067326001
"54.39513,18.64617","54.38347,18.55532",9:35,13375.0,6175.0,7416.68,inf,6175.0,2354.0,1360.0,6.023368549219908
"54.35558,18.47362","54.4265,18.63428",8:39,,,,,,,,13.05305859572251
"54.2997,18.62459","54.27579,18.69327",6:26,13224.0,6024.0,7814.84,inf,6024.0,1792.0,874.0,5.190384496092721
"54.40509,18.50705","54.34787,18.72317",8:41,,,,,,5447.0,1526.0,15.37549545406515
"54.33446,18.72132","54.34943,18.66882",8:27,11463.0,4263.0,5375.51,inf,4263.0,1453.0,544.0,3.788383728152432
"54.4006,18.46803","54.34603,18.45305",7:42,14797.0,7597.0,9702.16,inf,7597.0,2809.0,1031.0,6.144991960119325
"54.37096,18.61983","54.36274,18.50216",6:50,15006.0,7806.0,9767.26,inf,7806.0,3461.0,1129.0,7.677431635146244
"54.29675,18.64036","54.36857,18.59942",6:07,16440.0,9240.0,11565.23,inf,9240.0,3474.0,1288.0,8.415588126807217
"54.32682,18.54198","54.32915,18.76533",8:41,20885.0,13685.0,17249.67,inf,13685.0,5035.0,1160.0,14.484930321170339
"54.3477,18.54228","54.38948,18.75767",8:47,,,,,,,,14.705774185293633
"54.39033,18.57883","54.38083,18.44457",8:07,15757.0,8557.0,10879.75,inf,8557.0,3221.0,1032.0,8.757528322718997
"54.32795,18.93312","54.29423,18.78793",9:17,18775.0,11575.0,15173.07,inf,11575.0,3315.0,1068.0,10.137284064070984
"54.39943,18.48717","54.40785,18.89109",6:58,,,,,,,,26.15979025585018
"54.38602,18.67034","54.31135,18.59573",7:20,,,,,,,1077.0,9.608350634743108
"54.28321,18.93625","54.41038,18.80459",6:45,,,,,,,,16.51590083484792
"54.33688,18.69944","54.35864,18.92338",8:12,,,,,,,,14.71419005794177
"54.37008,18.47911","54.28047,18.52626",7:26,18665.0,11465.0,14720.64,inf,11465.0,3712.0,1702.0,10.422731835340972
"54.33519,18.62965","54.27992,18.45762",9:46,18817.0,11617.0,14568.79,inf,11617.0,4091.0,1815.0,12.740693466375776
"54.33314,18.58242","54.29937,18.5471",7:59,11590.0,4390.0,5401.9,inf,4390.0,1604.0,831.0,4.398707921688402
"54.37419,18.52731","54.37087,18.478",9:39,10674.0,3474.0,4368.1,inf,3474.0,1299.0,506.0,3.2151941121919125
"54.32074,18.56284","54.37948,18.71257",6:52,,,,,,,1481.0,11.697131721804343
"54.34834,18.7108","54.35924,18.58565",6:15,15047.0,7847.0,9554.14,inf,7847.0,3033.0,1136.0,8.200039180664744
"54.34397,18.89574","54.30859,18.72071",8:39,18645.0,11445.0,14886.29,inf,11445.0,3444.0,1078.0,12.01236300457377
"54.38647,18.45929","54.30271,18.75902",7:08,,,,,,7219.0,1448.0,21.544601564224024
"54.34888,18.8564","54.32714,18.65145",7:26,20380.0,13180.0,16994.49,inf,13180.0,4156.0,1824.0,13.50439365994841
"54.38948,18.46431","54.30523,18.73261",6:16,,,,,,7228.0,1476.0,19.7520347294771
"54.42064,18.50991","54.28528,18.698",7:02,,,,,,5884.0,1669.0,19.367774617300775
"54.36213,18.50711","54.35195,18.7786",6:55,,,,,,5847.0,1761.0,17.62807897385109
"54.3412,18.53021","54.32226,18.89627",7:52,,,,,,7638.0,2202.0,23.827388884457108
"54.29415,18.64395","54.40501,18.62417",9:03,19265.0,12065.0,15155.41,inf,12065.0,3889.0,1327.0,12.393544584528122
"54.34881,18.77617","54.40148,18.8072",6:39,,,,,,,,6.1918764192387625
"54.3759,18.58614","54.32692,18.57393",8:51,12412.0,5212.0,6322.0,inf,5212.0,1930.0,743.0,5.503508398400902
"54.34026,18.88154","54.33357,18.57681",9:55,,,,,,6204.0,1609.0,19.769213825405263
"54.32813,18.69509","54.27968,18.54351",9:00,19631.0,12431.0,15974.03,inf,12431.0,4908.0,1622.0,11.213542043769532
"54.34267,18.90359","54.38204,18.89439",8:13,,,,,,,,4.418135970599447
"54.38321,18.44731","54.38642,18.54744",7:07,13355.0,6155.0,7874.77,inf,6155.0,2194.0,1091.0,6.493542815393547
"54.3897,18.45791","54.309,18.71113",9:06,,,,,,6289.0,1594.0,18.70403236730559
"54.40709,18.54276","54.42874,18.81938",6:29,,,,,,,,18.058716395791567
"54.31981,18.56881","54.33435,18.54273",6:24,9650.0,2450.0,3037.34,inf,2450.0,830.0,498.0,2.3396360007681065
"54.36801,18.58801","54.3589,18.70719",8:38,,,,,,,996.0,7.787452248503005
"54.35825,18.60364","54.38599,18.55256",6:15,11960.0,4760.0,5844.41,inf,4760.0,1636.0,1119.0,4.523420426033788
"54.39868,18.51279","54.39386,18.80768",7:10,,,,,,,,19.097214458058723
"54.3894,18.58714","54.33246,18.52835",9:24,15768.0,8568.0,10763.29,inf,8568.0,2690.0,958.0,7.388908189271469
"54.32924,18.90344","54.35356,18.74528",8:32,,,,,,,1927.0,10.602835277074146
"54.38486,18.49497","54.42181,18.59829",8:53,15819.0,8619.0,10779.55,inf,8619.0,3311.0,1212.0,7.848603325634871
"54.37222,18.60257","54.32257,18.92075",8:51,,,,,,6974.0,2283.0,21.34811542614768
"54.33311,18.8818","54.3559,18.71893",7:50,,,,,,,1691.0,10.85658622034428
"54.3454,18.53369","54.35136,18.78536",6:47,,,,,,,1561.0,16.324320531831678
"54.33672,18.85082","54.33229,18.73187",6:20,14330.0,7130.0,9263.81,inf,7130.0,2124.0,755.0,7.727532815659692
"54.3573,18.71659","54.4371,18.54096",7:51,,,,,,,1708.0,14.42199110417048
"54.40277,18.5895","54.31677,18.47821",6:51,19249.0,12049.0,14957.66,inf,12049.0,4723.0,1474.0,11.976707985529496
"54.39757,18.68169","54.4144,18.75174",9:09,,,,,,,,4.904673766598933
"54.3083,18.59757","54.43946,18.81472",7:55,,,,,,,,20.26135763875832
"54.32505,18.56477","54.30324,18.85568",8:49,,,,,,6443.0,2180.0,19.024929646883315
"54.39492,18.46894","54.34658,18.9386",7:08,,,,,,10026.0,2711.0,30.893496524749057
"54.424,18.58374","54.4323,18.59029",9:00,8113.0,913.0,1124.05,0.0,913.0,349.0,272.0,1.0155226175932406
"54.28366,18.93208","54.44356,18.83957",8:33,,,,,,,,18.76303676294659
"54.35067,18.83332","54.37216,18.54778",8:30,,,,,,6590.0,1599.0,18.65380863410385
"54.38876,18.64453","54.38457,18.88854",6:20,,,,,,,,15.806546993952896
"54.36925,18.58731","54.2818,18.8176",6:23,,,,,,5784.0,1524.0,17.820371808406176
"54.34725,18.5852","54.29891,18.68702",6:18,16267.0,9067.0,11296.42,inf,9067.0,3160.0,1390.0,8.514276815341558
"54.39589,18.55547","54.33815,18.65094",6:47,15716.0,8516.0,10267.13,inf,8516.0,3104.0,,8.914674564453671
"54.39212,18.62089","54.29941,18.8025",9:59,,,,,,4958.0,1096.0,15.647013638874862
"54.39068,18.50282","54.36008,18.7191",9:59,,,,,,,1945.0,14.415330742384045
"54.32351,18.57597","54.3889,18.60149",9:20,14368.0,7168.0,8565.71,inf,7168.0,2730.0,1296.0,7.456710102971078
"54.32972,18.53673","54.3726,18.62783",6:24,16652.0,9452.0,11783.14,inf,9452.0,3001.0,941.0,7.588776106951664
"54.37353,18.54997","54.32281,18.69753",6:19,17905.0,10705.0,13125.37,inf,10705.0,3918.0,1520.0,11.102601420749288
"54.40599,18.55167","54.3132,18.72181",6:52,21539.0,14339.0,17797.86,inf,14339.0,5098.0,1541.0,15.099063843541073
"54.3262,18.63934","54.32815,18.65175",8:25,7950.0,750.0,944.24,0.0,750.0,252.0,217.0,0.8334144876000088
"54.33508,18.5839","54.30892,18.54932",8:06,11563.0,4363.0,5345.58,inf,4363.0,1532.0,597.0,3.672963222315506
"54.37274,18.46178","54.43598,18.86276",7:02,,,,,,,,26.888090314810988
"54.33676,18.62596","54.33513,18.74761",6:39,15351.0,8151.0,10212.89,inf,8151.0,2977.0,956.0,7.888670310558008
"54.30129,18.63149","54.43137,18.80449",7:55,,,,,,,,18.298029588282617
"54.29374,18.61005","54.34189,18.4929",6:47,15889.0,8689.0,10905.46,inf,8689.0,2785.0,956.0,9.295070213907229
"54.36079,18.54724","54.40536,18.61963",6:07,13776.0,6576.0,7984.03,inf,6576.0,2855.0,755.0,6.821715228667755
"54.3988,18.46636","54.41636,18.9371",8:52,,,,,,,,30.527407225344536
"54.35309,18.59966","54.43114,18.92718",9:29,,,,,,,,22.911480084544248
"54.38397,18.48034","54.38578,18.63158",9:10,16698.0,9498.0,11476.11,inf,9498.0,3992.0,1281.0,9.795307590019343
"54.35842,18.50561","54.38095,18.91456",8:07,,,,,,,,26.608691411820796
"54.34113,18.77061","54.28847,18.77262",7:56,13878.0,6678.0,8730.68,inf,6678.0,1981.0,745.0,5.856976089525516
"54.33489,18.64931","54.40629,18.94706",8:36,,,,,,,,20.857057297079812
"54.3959,18.49518","54.31929,18.80815",7:16,,,,,,7439.0,2427.0,21.99573917445952
"54.32662,18.62747","54.3074,18.45266",6:07,20248.0,13048.0,16498.45,inf,13048.0,4379.0,1869.0,11.537837726720449
"54.33796,18.49223","54.32101,18.51924",6:46,9948.0,2748.0,3553.96,inf,2748.0,1010.0,617.0,2.5728352518455626
"54.34811,18.93366","54.34377,18.81167",6:43,13753.0,6553.0,8575.01,inf,6553.0,2116.0,1010.0,7.921421136204533
"54.3435,18.86276","54.39213,18.46816",8:29,,,,,,8523.0,2040.0,26.1277919343741
"54.32294,18.62113","54.37535,18.65225",9:42,14197.0,6997.0,8696.65,inf,6997.0,2413.0,1020.0,6.166858297424814
"54.38098,18.5669","54.36399,18.54163",9:42,9882.0,2682.0,3369.71,inf,2682.0,877.0,381.0,2.499640716173692
"54.42804,18.47001","54.32545,18.75607",9:15,,,,,,7086.0,1581.0,21.75720569562438
"54.42174,18.51672","54.2828,18.54675",8:54,,,,,,6926.0,1360.0,15.571508464472203
"54.39015,18.57773","54.38186,18.81337",8:03,,,,,,,,15.285786274502493
"54.35937,18.8035","54.31061,18.72427",8:20,16303.0,9103.0,11784.24,inf,9103.0,2741.0,,7.468694235292047
"54.29452,18.64653","54.42922,18.91893",8:49,,,,,,,,23.147588482345046
"54.32312,18.66008","54.38387,18.9069",9:33,,,,,,,,17.362501110699103
"54.30034,18.65061","54.35331,18.5303",9:39,17232.0,10032.0,12579.89,inf,10032.0,3477.0,882.0,9.775201568511001
"54.33779,18.65887","54.36223,18.90928",9:34,,,,,,,,16.454526265635558
"54.3924,18.66172","54.36296,18.93684",7:12,,,,,,7716.0,,18.11617292175867
"54.35009,18.70946","54.41768,18.51253",6:42,,,,,,4984.0,1323.0,14.802073355726645
"54.36034,18.47282","54.30696,18.66296",8:26,20089.0,12889.0,16258.0,inf,12889.0,4417.0,1280.0,13.682036587622486
"54.326,18.4856","54.38709,18.57082",9:07,15663.0,8463.0,10717.56,inf,8463.0,3207.0,1459.0,8.754231153669478
"54.41955,18.53056","54.33851,18.54918",7:40,16836.0,9636.0,12196.8,inf,9636.0,3571.0,,9.091562901750576
"54.38542,18.48774","54.37471,18.88154",6:41,,,,,,,,25.530471304128973
"54.38364,18.57421","54.33181,18.68874",6:28,16350.0,9150.0,10974.04,inf,9150.0,3292.0,1309.0,9.396117047191336
"54.38021,18.49954","54.37319,18.64947",8:15,16343.0,9143.0,11177.14,inf,9143.0,3552.0,1084.0,9.741671129195733
"54.38974,18.61767","54.38321,18.71701",6:42,,,,,,,765.0,6.473163149358085
"54.33918,18.84634","54.33683,18.69213",9:52,16832.0,9632.0,12476.2,inf,9632.0,2998.0,1112.0,10.000370515974744
"54.34325,18.60624","54.42459,18.72976",8:45,,,,,,,,12.073947822685572
"54.32947,18.67412","54.32535,18.43493",6:04,,,,,,5212.0,1959.0,15.516701444279255
"54.33174,18.71422","54.3014,18.5299",6:36,20787.0,13587.0,17140.26,inf,13587.0,5231.0,1214.0,12.422014887152214
"54.39401,18.61429","54.30485,18.7109",7:39,18868.0,11668.0,14578.31,inf,11668.0,3701.0,1253.0,11.725722671854351
"54.40042,18.61434","54.40957,18.69546",9:39,,,,,,,631.0,5.347862178289186
"54.3621,18.55118","54.34958,18.55679",7:41,8856.0,1656.0,2009.9,inf,1656.0,647.0,587.0,1.4388392747965948
"54.33771,18.49899","54.421,18.7715",7:59,,,,,,,,19.930693219506246
"54.34953,18.57698","54.38609,18.86301",8:09,,,,,,,,18.969705353881956
"54.38644,18.62091","54.29909,18.93656",8:14,,,,,,8200.0,1908.0,22.648628270551736
"54.37326,18.66813","54.28668,18.88545",7:20,,,,,,,1462.0,17.06570177510513
"54.432,18.46182","54.3852,18.77119",9:33,,,,,,,,20.686286221144847
"54.34099,18.91239","54.30103,18.93838",7:21,,,,,,,708.0,4.752307157239459
"54.34957,18.81813","54.28454,18.70772",8:21,17201.0,10001.0,12970.08,inf,10001.0,2989.0,980.0,10.176934009637954
"54.38323,18.67238","54.43475,18.79682",8:08,,,,,,,,9.8828902079783
"54.32253,18.70431","54.36479,18.63403",6:25,13276.0,6076.0,7495.86,inf,6076.0,2262.0,1049.0,6.544712206582927
"54.30859,18.92597","54.3837,18.66662",8:12,,,,,,,1503.0,18.770006236907022
"54.39565,18.62952","54.39546,18.72734",8:53,,,,,,,,6.332523457743172
"54.40932,18.61326","54.31795,18.72045",6:17,19488.0,12288.0,15362.28,inf,12288.0,4352.0,1090.0,12.30644841721559
"54.31654,18.69899","54.3533,18.52001",6:00,19143.0,11943.0,14869.41,inf,11943.0,4272.0,1429.0,12.302483026178338
"54.317,18.90748","54.39776,18.56357",9:22,,,,,,7549.0,2094.0,24.02545490324021
"54.38522,18.56279","54.37714,18.83812",9:32,,,,,,,,17.85265542312782
"54.35828,18.7323","54.35228,18.87768",8:46,,,,,,,1686.0,9.444169317024462
"54.32582,18.62576","54.33122,18.53085",9:30,14771.0,7571.0,9354.43,inf,7571.0,2253.0,830.0,6.183364372689547
"54.40706,18.48282","54.35565,18.79278",7:57,,,,,,8299.0,2064.0,20.87068357363995
"54.29713,18.63254","54.39029,18.75062",7:20,,,,,,,,12.879682591809402
"54.42155,18.58697","54.3202,18.91111",7:22,,,,,,8208.0,2298.0,23.829446519065797
"54.40118,18.52527","54.34709,18.5427",7:15,13659.0,6459.0,8207.91,inf,6459.0,2192.0,1265.0,6.119568512781359
"54.37016,18.52571","54.40016,18.60028",7:26,13465.0,6265.0,7566.45,inf,6265.0,2462.0,876.0,5.868834650090279
"54.35109,18.85833","54.3721,18.69355",6:36,,,,,,,1568.0,10.92866885559643
"54.31254,18.65358","54.32482,18.59057",9:37,11915.0,4715.0,5739.09,inf,4715.0,1722.0,948.0,4.308750959474095
"54.34281,18.50147","54.44135,18.45732",7:51,18222.0,11022.0,13949.78,inf,11022.0,3825.0,987.0,11.323833330607906
"54.4138,18.44853","54.44445,18.74125",6:13,,,,,,,,19.23832342234307
"54.41605,18.51256","54.39115,18.75107",6:36,,,,,,,,15.68351068012521
"54.33578,18.54679","54.38477,18.91097",8:46,,,,,,,,24.216490758241324
"54.40503,18.65023","54.4385,18.53709",8:06,14466.0,7266.0,9122.55,inf,7266.0,2462.0,1148.0,8.211396842522612
"54.41379,18.60502","54.34708,18.90623",9:11,,,,,,7274.0,1969.0,20.869140870971492
"54.31878,18.67694","54.2994,18.81745",8:27,16393.0,9193.0,12007.88,inf,9193.0,2742.0,1128.0,9.366499151939221
"54.39129,18.52448","54.32871,18.44392",8:02,15814.0,8614.0,11070.31,inf,8614.0,2883.0,1465.0,8.698658586910703
"54.38295,18.60615","54.39392,18.81612",9:21,,,,,,,,13.649613760375592
"54.38079,18.55302","54.37718,18.64853",6:50,13478.0,6278.0,7600.19,inf,6278.0,2489.0,1296.0,6.198456201627197
"54.35256,18.66286","54.31057,18.6073",7:20,13343.0,6143.0,7522.76,inf,6143.0,2149.0,847.0,5.8972165285972835
"54.31132,18.66689","54.4434,18.93998",8:28,,,,,,,,22.989400711562343
"54.31469,18.62329","54.39614,18.64341",9:19,16910.0,9710.0,12051.97,inf,9710.0,3266.0,1234.0,9.150186479485814
"54.35966,18.67347","54.4076,18.57686",6:02,,,,,,,977.0,8.219088203850248
"54.41246,18.58368","54.2848,18.55706",7:26,,,,,,6584.0,1872.0,14.299601019025527
"54.35665,18.52976","54.43155,18.84016",8:20,,,,,,,,21.7523380651288
"54.33569,18.61777","54.29395,18.5407",7:40,13612.0,6412.0,7885.32,inf,6412.0,2420.0,924.0,6.821415339702049
"54.30989,18.58786","54.443,18.84643",8:32,,,,,,,,22.349995273550245
"54.38471,18.55011","54.4234,18.59954",9:29,12954.0,5754.0,6766.34,inf,5754.0,2195.0,1327.0,5.361296233880931
"54.37098,18.70287","54.30052,18.74833",6:47,,,,,,,1379.0,8.37077918985908
"54.32059,18.69735","54.43333,18.52283",7:38,,,,,,5166.0,2044.0,16.879239769457193
"54.31271,18.66983","54.40232,18.73146",8:40,,,,,,,,10.734614215657132
"54.31474,18.89378","54.38815,18.87145",9:58,,,,,,,,8.290099725761348
"54.38181,18.53899","54.43283,18.58497",6:08,13674.0,6474.0,8075.83,inf,6474.0,2219.0,1266.0,6.406221309320701
"54.39321,18.61003","54.37299,18.81295",6:47,,,,,,,,13.331204527893377
"54.36534,18.6643","54.38359,18.71358",7:37,,,,,,,941.0,3.7823151070712178
"54.33998,18.84911","54.35395,18.51565",7:22,,,,,,7008.0,1507.0,21.668203004356563
"54.36585,18.46542","54.27702,18.77094",8:53,,,,,,7907.0,1792.0,22.139408001662357
"54.37501,18.64416","54.30518,18.58405",8:22,16429.0,9229.0,11087.49,inf,9229.0,3313.0,1163.0,8.687593626883249
"54.3458,18.93051","54.37618,18.55182",9:00,,,,,,7847.0,2360.0,24.76700505506427
"54.37494,18.56265","54.28072,18.69914",7:20,21107.0,13907.0,17346.49,inf,13907.0,4702.0,1647.0,13.71469070756795
"54.36093,18.53368","54.445,18.75975",7:31,,,,,,,,17.36348112789667
"54.40096,18.58675","54.36712,18.87087",7:44,,,,,,,,18.778832371964604
"54.41296,18.56483","54.39146,18.61023",7:25,11103.0,3903.0,4645.68,inf,3903.0,1520.0,740.0,3.7881976638702834
"54.37507,18.49826","54.28248,18.65899",6:32,,,,,,4843.0,1922.0,14.649755185678902
"54.31831,18.67064","54.41332,18.84535",8:59,,,,,,,,15.482695537041621
"54.32451,18.929","54.28695,18.60607",9:08,,,,,,6790.0,1723.0,21.363190340631046
"54.3455,18.86587","54.33135,18.52264",8:16,,,,,,7082.0,1676.0,22.305852707420534
"54.39139,18.62314","54.33157,18.65638",8:05,13719.0,6519.0,7911.99,inf,6519.0,2177.0,863.0,6.9916315992967295
"54.42846,18.46061","54.27823,18.77068",8:45,,,,,,8209.0,1849.0,26.13029816376539
"54.37884,18.62205","54.32405,18.62231",8:06,13370.0,6170.0,7561.56,inf,6170.0,2210.0,830.0,6.092393330859738
"54.31583,18.54858","54.33138,18.65173",6:06,14307.0,7107.0,8752.84,inf,7107.0,2537.0,769.0,6.909096415954793
"54.39021,18.67125","54.28051,18.92815",9:56,,,,,,,1544.0,20.644245513654575
"54.34333,18.8619","54.40726,18.92147",6:56,,,,,,,,8.08823022953172
"54.35803,18.51008","54.38708,18.75755",7:36,,,,,,,,16.35145941370095
"54.36854,18.4858","54.34063,18.47126",8:04,10410.0,3210.0,4043.27,inf,3210.0,1050.0,506.0,3.243324068912689
"54.3507,18.4779","54.36231,18.573",9:32,13596.0,6396.0,7887.44,inf,6396.0,2488.0,777.0,6.296039442078414
"54.34567,18.74751","54.33196,18.5526",8:49,19278.0,12078.0,15115.43,inf,12078.0,4457.0,1185.0,12.726795232398688
"54.35252,18.81674","54.37606,18.54771",6:09,,,,,,6668.0,1641.0,17.62467545093241
"54.31252,18.63464","54.37064,18.44718",9:16,20425.0,13225.0,16553.61,inf,13225.0,4808.0,1335.0,13.763069635448298
"54.38046,18.56134","54.34964,18.5753",8:39,10550.0,3350.0,4034.53,inf,3350.0,1226.0,569.0,3.544352753880055
"54.4293,18.59191","54.34529,18.57542",7:27,16744.0,9544.0,11435.28,inf,9544.0,3723.0,1276.0,9.402306526805308
"54.362,18.74494","54.40246,18.75447",8:46,,,,,,,,4.5410767545748305
"54.31475,18.5691","54.29117,18.63671",8:45,12407.0,5207.0,6469.35,inf,5207.0,1782.0,763.0,5.110551960788011
"54.3462,18.94078","54.33981,18.70114",8:21,21021.0,13821.0,17987.16,inf,13821.0,4254.0,,15.549466601092057
"54.36597,18.47712","54.41103,18.62283",7:20,17360.0,10160.0,12578.87,inf,10160.0,4354.0,1163.0,10.682272859318713
"54.31849,18.87818","54.33174,18.49416",7:46,,,,,,8277.0,2192.0,24.946149613100786
"54.31391,18.65207","54.35339,18.65844",9:55,11654.0,4454.0,5497.06,inf,4454.0,1504.0,808.0,4.409359175295408
"54.33459,18.66603","54.28995,18.60453",6:31,13792.0,6592.0,8396.84,inf,6592.0,2165.0,1023.0,6.368173869422714
"54.37701,18.47982","54.43788,18.67874",8:31,,,,,,,,14.544433701979981
"54.37391,18.69018","54.35007,18.77654",6:50,,,,,,,1088.0,6.191388859256817
"54.33736,18.83914","54.41097,18.53116",9:35,,,,,,7075.0,2026.0,21.561772376924836
"54.3495,18.50082","54.4337,18.4525",7:30,17554.0,10354.0,13276.15,inf,10354.0,3508.0,931.0,9.871427964443646
"54.38497,18.68718","54.38211,18.89508",9:05,,,,,,,,13.46633440218626
"54.39777,18.63139","54.29013,18.69736",7:53,19565.0,12365.0,15607.09,inf,12365.0,4007.0,1117.0,12.709906909025165
"54.36752,18.5837","54.29287,18.80158",8:20,,,,,,5399.0,1490.0,16.385305395098403
"54.35766,18.57674","54.4135,18.65448",6:34,14808.0,7608.0,9153.11,inf,7608.0,2890.0,1127.0,7.993276113678898
"54.31562,18.69032","54.34764,18.59164",9:13,14285.0,7085.0,8819.31,inf,7085.0,2679.0,1319.0,7.3220695801527045
"54.41865,18.59712","54.36776,18.68346",7:22,,,,,,,806.0,7.953931876476468
"54.33665,18.89382","54.33438,18.58657",7:41,,,,,,6207.0,1831.0,19.920858163285676
"54.36067,18.72723","54.43595,18.84889",9:23,,,,,,,,11.493011520455234
"54.41381,18.49541","54.31891,18.89362",6:29,,,,,,8845.0,2418.0,27.871692623461296
"54.38815,18.51296","54.28224,18.81632",6:09,,,,,,7586.0,1797.0,22.92353403791936
"54.39654,18.59629","54.38512,18.45386",7:04,16379.0,9179.0,11329.84,inf,9179.0,3630.0,1304.0,9.308450011897138
"54.34077,18.68918","54.3086,18.8968",8:58,19113.0,11913.0,15577.17,inf,11913.0,3455.0,1431.0,13.930815591710093
"54.39707,18.51881","54.41407,18.71615",8:41,,,,,,,,12.91103637932667
"54.3831,18.64936","54.39479,18.81268",8:29,,,,,,,,10.654000653951595
"54.33718,18.72139","54.39108,18.50806",8:06,,,,,,5611.0,1520.0,15.064309362850574
"54.34551,18.84796","54.28163,18.91877",6:05,16489.0,9289.0,12100.69,inf,9289.0,2895.0,1386.0,8.45879602320253
"54.33625,18.85003","54.34055,18.57501",7:07,,,,,,5613.0,1648.0,17.83492485150216
"54.34543,18.5815","54.28434,18.74129",7:51,19179.0,11979.0,15254.35,inf,11979.0,5002.0,1700.0,12.392197132699373
"54.31995,18.66242","54.37165,18.66597",8:25,15213.0,8013.0,9940.9,inf,8013.0,2689.0,1170.0,5.753380518280498
"54.41938,18.51479","54.39032,18.50819",7:58,11782.0,4582.0,5948.33,inf,4582.0,1612.0,869.0,3.259436384391493
"54.34354,18.6167","54.29256,18.72693",6:17,16468.0,9268.0,11769.79,inf,9268.0,2958.0,1029.0,9.123999203412668
"54.41988,18.55727","54.34607,18.87073",9:35,,,,,,7621.0,2153.0,21.894842691950082
"54.35179,18.65126","54.42997,18.49452",9:25,19199.0,11999.0,14920.69,inf,11999.0,4013.0,973.0,13.36232557217195
"54.42487,18.59912","54.33179,18.74191",7:35,21109.0,13909.0,17188.54,inf,13909.0,4800.0,1340.0,13.879483974702461
"54.29425,18.6466","54.44382,18.5051",7:40,,,,,,6214.0,1443.0,18.990024565531183
"54.37791,18.57857","54.31817,18.9309",7:03,,,,,,7673.0,2137.0,23.781450769374562
"54.33909,18.49802","54.38098,18.49304",8:53,12139.0,4939.0,6219.56,inf,4939.0,1947.0,774.0,4.6691178933044
"54.33251,18.88449","54.29111,18.94562",8:59,,,,,,,780.0,6.07587656897746
"54.3959,18.51741","54.43214,18.92325",7:12,,,,,,,,26.568028436100764
"54.33851,18.50784","54.43093,18.45029",9:54,18082.0,10882.0,13875.45,inf,10882.0,3823.0,954.0,10.931439571193346
"54.34426,18.9089","54.36506,18.89514",6:23,,,,,,,,2.478779496611462
"54.34883,18.51828","54.4221,18.54306",7:54,15815.0,8615.0,10925.79,inf,8615.0,3582.0,796.0,8.303753183055207
"54.28828,18.60801","54.30092,18.63434",6:30,9750.0,2550.0,3299.82,inf,2550.0,797.0,183.0,2.212481990826127
"54.35626,18.55145","54.40837,18.85267",6:21,,,,,,,,20.348520933533976
"54.39121,18.48759","54.40897,18.72007",6:39,,,,,,,,15.177213743601682
"54.40082,18.48229","54.36891,18.92249",6:17,,,,,,,,28.724216915781508
"54.38296,18.61602","54.36155,18.56213",8:33,11669.0,4469.0,5354.67,inf,4469.0,1747.0,606.0,4.225164979157053
"54.32892,18.92923","54.41575,18.70036",7:22,,,,,,,,17.69143035630804
"54.40036,18.46225","54.43451,18.43452",6:38,11504.0,4304.0,5538.86,inf,4304.0,1313.0,690.0,4.199833761431632
"54.36063,18.80864","54.43853,18.44336",6:46,,,,,,9318.0,,25.1811841142313
"54.32671,18.6435","54.34659,18.72336",9:36,12917.0,5717.0,7342.25,inf,5717.0,2393.0,933.0,5.629426571109719
"54.32948,18.54571","54.4398,18.71479",7:57,,,,,,,,16.442298286868805
"54.42289,18.46386","54.40085,18.62584",6:46,17193.0,9993.0,12429.66,inf,9993.0,3468.0,1205.0,10.764476108712433
"54.35809,18.51119","54.28748,18.61117",8:00,17279.0,10079.0,12740.02,inf,10079.0,3432.0,1483.0,10.18259190909965
"54.38654,18.53804","54.40419,18.81292",9:58,,,,,,,,17.902639822676758
"54.35259,18.85151","54.40375,18.77981",9:41,,,,,,,,7.343309807225002
"54.36779,18.63573","54.3813,18.60182",9:19,9492.0,2292.0,2792.68,inf,2292.0,753.0,434.0,2.660936807118049
"54.40963,18.48321","54.31617,18.91914",9:46,,,,,,9836.0,2260.0,30.094119058838338
"54.36202,18.6291","54.44509,18.90182",6:24,,,,,,,,19.922160842868028
"54.3927,18.50609","54.38482,18.83135",8:05,,,,,,,,21.077764020399357
"54.3623,18.52962","54.36763,18.55535",9:51,8709.0,1509.0,1932.64,0.0,1509.0,465.0,803.0,1.7691298025312654
"54.41054,18.53661","54.40097,18.70276",8:29,,,,,,,1328.0,10.805756869188992
"54.33708,18.58179","54.40041,18.66579",6:19,15765.0,8565.0,10552.46,inf,8565.0,3185.0,1177.0,8.899330864295113
"54.30687,18.66073","54.39519,18.48141",7:08,,,,,,5679.0,1235.0,15.214994797127337
"54.33721,18.86959","54.41041,18.46162",8:55,,,,,,8674.0,2043.0,27.649541028566457
"54.36775,18.75881","54.3943,18.79126",6:47,,,,,,,,3.623761574156935
"54.35958,18.62321","54.28118,18.70596",9:48,17255.0,10055.0,12706.47,inf,10055.0,3150.0,1341.0,10.237172520513596
"54.35968,18.56562","54.40377,18.44776",7:17,15657.0,8457.0,10824.44,inf,8457.0,2879.0,,9.071296045723335
"54.3779,18.49574","54.40645,18.90255",8:39,,,,,,,,26.52807634730774
"54.41191,18.48531","54.43541,18.4355",9:02,11301.0,4101.0,5269.82,inf,4101.0,1279.0,604.0,4.148661384741688
"54.37404,18.4582","54.39225,18.90479",6:35,,,,,,,,28.990007153535423
"54.36769,18.69792","54.40559,18.7467",6:05,,,,,,,,5.266539086715176
"54.31528,18.69903","54.36403,18.93992",6:43,,,,,,4895.0,,16.52963802611829
"54.3412,18.6871","54.31349,18.52543",9:37,17756.0,10556.0,13179.33,inf,10556.0,3970.0,992.0,10.926712384643533
"54.39455,18.61554","54.40279,18.6202",8:00,8148.0,948.0,1204.01,0.0,948.0,334.0,162.0,0.9646233950089091
"54.34853,18.63828","54.2841,18.57207",6:18,16161.0,8961.0,11034.4,inf,8961.0,4937.0,1216.0,8.352805405141783
"54.32094,18.66438","54.29938,18.65161",6:37,9864.0,2664.0,3482.67,inf,2664.0,767.0,301.0,2.5364531150461436
"54.42709,18.45259","54.33323,18.52811",7:27,18858.0,11658.0,14936.45,inf,11658.0,3838.0,999.0,11.52583405163628
"54.34744,18.67597","54.42162,18.58189",8:46,16884.0,9684.0,11545.44,inf,9684.0,3481.0,1060.0,10.254234614933166
"54.3606,18.53354","54.43211,18.59281",6:08,16166.0,8966.0,10879.95,inf,8966.0,3660.0,1458.0,8.828840836855031
"54.33408,18.76233","54.43673,18.56561",8:46,,,,,,5822.0,1533.0,17.103811421498975
"54.40047,18.52162","54.30652,18.56407",6:09,17716.0,10516.0,13377.76,inf,10516.0,3489.0,1348.0,10.802875249732022
"54.29951,18.6219","54.39448,18.8948",9:23,,,,,,,,20.600012724657667
"54.27802,18.63053","54.33672,18.75176",6:25,17477.0,10277.0,13358.36,inf,10277.0,2964.0,834.0,10.220515969544522
"54.32155,18.60498","54.33008,18.86447",7:07,,,,,,5818.0,1813.0,16.8536237440013
"54.33433,18.50759","54.31184,18.7101",6:04,19594.0,12394.0,15584.02,inf,12394.0,3961.0,1408.0,13.368836407175767
"54.35808,18.59229","54.27639,18.69207",6:12,19154.0,11954.0,15079.66,inf,11954.0,4179.0,1515.0,11.153161842123785
"54.34543,18.5522","54.35361,18.66675",7:21,14145.0,6945.0,8368.93,inf,6945.0,2798.0,837.0,7.479355130276932
"54.34609,18.66902","54.39641,18.71689",6:33,,,,,,,798.0,6.39705998348755
"54.35761,18.59458","54.38519,18.46786",9:24,15241.0,8041.0,10008.02,inf,8041.0,2936.0,974.0,8.762384623420783
"54.33103,18.54284","54.29256,18.79772",6:22,,,,,,6028.0,1278.0,17.078012294844424
"54.35205,18.71209","54.37942,18.73743",7:40,,,,,,,532.0,3.4579161327953547
"54.28892,18.63935","54.28055,18.75474",6:47,15460.0,8260.0,10812.69,inf,8260.0,2426.0,1210.0,7.54766744590151
"54.31985,18.88189","54.32347,18.9383",7:20,10386.0,3186.0,4187.86,inf,3186.0,1065.0,557.0,3.6804178706304045
"54.40278,18.47748","54.37856,18.47889",8:02,10486.0,3286.0,4181.69,inf,3286.0,1036.0,720.0,2.694687877601406
"54.36653,18.69289","54.30855,18.74302",7:07,,,,,,,678.0,7.219842209875296
"54.34873,18.73361","54.42308,18.80259",7:45,,,,,,,,9.396754492839143
"54.36887,18.69968","54.44038,18.71231",9:49,,,,,,,,7.993455872009446
"54.30591,18.58942","54.40963,18.45813",6:38,20713.0,13513.0,17071.35,inf,13513.0,4605.0,1135.0,14.331180057528403
"54.3372,18.75727","54.34277,18.56216",9:50,19183.0,11983.0,14718.15,inf,11983.0,4365.0,1154.0,12.662921126630073
"54.3085,18.63115","54.39798,18.59404",8:38,16780.0,9580.0,11892.31,inf,9580.0,3224.0,1072.0,10.236219634213443
"54.36653,18.78206","54.34094,18.56032",6:21,,,,,,,1574.0,14.648242436013268
"54.38106,18.61717","54.43296,18.86618",9:44,,,,,,,,17.117586583568563
"54.32616,18.84901","54.44321,18.81841",6:10,,,,,,,,13.165329210424467
"54.36202,18.64951","54.34634,18.49468",6:22,16887.0,9687.0,11770.8,inf,9687.0,3722.0,817.0,10.18356544106828
"54.41321,18.57011","54.29669,18.89936",6:48,,,,,,7953.0,2097.0,24.961354384256172
"54.34379,18.47174","54.34756,18.89771",9:15,,,,,,8870.0,2393.0,27.61230776111265
"54.33438,18.63425","54.38297,18.77465",6:51,,,,,,,,10.580621763348733
"54.34382,18.85255","54.28065,18.88808",8:59,16933.0,9733.0,12724.31,inf,9733.0,3042.0,924.0,7.392631025183689
"54.32459,18.89673","54.34326,18.82458",9:50,11835.0,4635.0,5983.82,inf,4635.0,1428.0,662.0,5.117707474957332
"54.32613,18.53643","54.37564,18.47013",7:27,14150.0,6950.0,8821.3,inf,6950.0,2157.0,768.0,6.983503850573805
"54.3439,18.52288","54.36591,18.89704",8:34,,,,,,,,24.368845650431393
"54.41186,18.60763","54.411,18.86375",7:41,,,,,,,,16.57406936370012
"54.37944,18.5895","54.43654,18.44859",7:28,18280.0,11080.0,13957.42,inf,11080.0,3842.0,1033.0,11.11181925642551
"54.36168,18.45446","54.32166,18.80756",8:58,,,,,,7589.0,1817.0,23.31689589359013
"54.36249,18.76195","54.37796,18.46584",6:55,,,,,,,2056.0,19.257816424305922
"54.36233,18.52228","54.40942,18.76712",8:37,,,,,,,,16.696048155073832
"54.33363,18.48228","54.33336,18.7503",9:05,,,,,,5717.0,1611.0,17.376830096673366
"54.39625,18.58949","54.307,18.84275",6:48,,,,,,6428.0,1790.0,19.179735819474516
"54.37497,18.51328","54.34421,18.64251",6:13,16099.0,8899.0,11063.73,inf,8899.0,3297.0,817.0,9.044832459309566
"54.34409,18.82969","54.38085,18.91819",7:28,,,,,,,,7.041586358229447
"54.43296,18.47976","54.27927,18.73191",8:48,,,,,,8003.0,1673.0,23.643415243755037
"54.33892,18.66078","54.32886,18.87176",6:27,20457.0,13257.0,17203.04,inf,13257.0,4383.0,1637.0,13.724209138878622
"54.32187,18.58388","54.41264,18.50406",9:09,18866.0,11666.0,14532.68,inf,11666.0,3796.0,828.0,11.340595295694667
"54.33047,18.58525","54.41132,18.61917",9:45,16132.0,8932.0,10753.6,inf,8932.0,3599.0,1220.0,9.254708110555116
"54.31664,18.70208","54.34342,18.77405",6:46,13691.0,6491.0,8380.09,inf,6491.0,2185.0,1077.0,5.535656270034235
"54.3757,18.70071","54.31814,18.46061",9:03,,,,,,,1649.0,16.82637304934481
"54.34964,18.51583","54.30208,18.86542",8:23,,,,,,7496.0,1825.0,23.278187566733287
"54.3405,18.93956","54.38216,18.77108",9:01,,,,,,,,11.858095773692277
"54.41116,18.48467","54.3372,18.73083",6:45,,,,,,5730.0,1404.0,17.939799463483315
"54.36401,18.73218","54.30652,18.76113",9:58,,,,,,,957.0,6.662424846877932
"54.36405,18.60331","54.39326,18.43404",7:28,17649.0,10449.0,13028.48,inf,10449.0,3680.0,1549.0,11.433444108644814
"54.38751,18.49232","54.42748,18.61314",9:24,16462.0,9262.0,11792.18,inf,9262.0,3020.0,1204.0,8.994009489455415
"54.41978,18.4868","54.43395,18.43508",7:30,11404.0,4204.0,5376.13,inf,4204.0,1263.0,619.0,3.6980584519901503
"54.31151,18.60394","54.39679,18.66515",8:46,17490.0,10290.0,12395.09,inf,10290.0,3525.0,1266.0,10.278849113727455
"54.42384,18.48576","54.34019,18.89904",8:50,,,,,,9208.0,2242.0,28.33321704566343
"54.33896,18.49566","54.44505,18.6936",8:45,,,,,,,,17.417941410577367
"54.37666,18.59315","54.38266,18.62471",8:14,9674.0,2474.0,2781.43,inf,2474.0,1070.0,410.0,2.149998777789689
"54.34703,18.76396","54.28376,18.76419",7:37,15234.0,8034.0,10397.04,inf,8034.0,2309.0,996.0,7.035318826022536
"54.37806,18.45618","54.29404,18.62712",7:32,,,,,,4880.0,1125.0,14.4946718862087
"54.35736,18.49207","54.40081,18.54519",7:49,12890.0,5690.0,7212.43,inf,5690.0,2169.0,1143.0,5.931048625785784
"54.41237,18.46426","54.29315,18.80125",9:48,,,,,,8178.0,1718.0,25.54687903086723
"54.39423,18.51459","54.39129,18.67345",6:07,,,,,,,1978.0,10.289875203833725
"54.39763,18.48442","54.40134,18.49964",6:39,10149.0,2949.0,3804.35,inf,2949.0,859.0,404.0,1.068074035226194
"54.38258,18.56369","54.32419,18.72878",6:15,20655.0,13455.0,16717.22,inf,13455.0,4866.0,1568.0,12.514298415945952
"54.34215,18.87289","54.39785,18.88438",9:37,,,,,,,,6.238117343826228
"54.36624,18.78352","54.32165,18.71334",7:43,,,,,,,1261.0,6.7287447602864665
"54.37419,18.53169","54.42182,18.71823",9:40,,,,,,,,13.18556679243182
"54.35863,18.71373","54.42766,18.73269",8:33,,,,,,,,7.773311190322484
"54.38661,18.62425","54.41533,18.83501",9:05,,,,,,,,14.010788738149767
"54.313,18.58655","54.31291,18.74417",9:38,17182.0,9982.0,12744.93,inf,9982.0,3108.0,1017.0,10.224245232408185
"54.37281,18.45004","54.40427,18.47806",9:39,13303.0,6103.0,7886.35,inf,6103.0,2490.0,1002.0,3.940651143105811
"54.40268,18.46427","54.32039,18.51617",8:48,16676.0,9476.0,12053.06,inf,9476.0,3694.0,840.0,9.748524081273453
"54.31212,18.91619","54.33654,18.56043",6:22,,,,,,7891.0,1800.0,23.229716306712596
"54.36194,18.65618","54.32742,18.72914",6:52,15274.0,8074.0,10089.55,inf,8074.0,2881.0,1071.0,6.090743566455622
"54.3964,18.61343","54.28463,18.78841",8:49,,,,,,5334.0,1266.0,16.826126462939214
"54.37734,18.53421","54.30488,18.48745",6:20,15961.0,8761.0,11203.02,inf,8761.0,3089.0,1120.0,8.608463386604418
"54.33942,18.85203","54.44239,18.5437",6:34,,,,,,8043.0,2213.0,23.01284030761087
"54.38229,18.70112","54.34846,18.65945",7:46,,,,,,,653.0,4.630127216274706
"54.36374,18.62834","54.301,18.50215",6:28,18327.0,11127.0,13788.0,inf,11127.0,4156.0,1568.0,10.75214979285669
"54.40087,18.52945","54.32354,18.44622",9:34,17092.0,9892.0,12731.17,inf,9892.0,3229.0,1889.0,10.149645215691313
"54.42084,18.57361","54.35651,18.68838",9:01,,,,,,,1012.0,10.314442531331524
"54.32253,18.67828","54.39145,18.49061",7:32,21337.0,14137.0,17651.84,inf,14137.0,5216.0,1684.0,14.37380767969212
"54.33283,18.47415","54.39637,18.58531",9:25,17598.0,10398.0,12865.43,inf,10398.0,3696.0,1712.0,10.088624375358558
"54.30128,18.6168","54.43037,18.67909",7:43,,,,,,,,14.910586653917603
"54.33744,18.92687","54.32184,18.83848",9:31,14695.0,7495.0,9710.75,inf,7495.0,2179.0,900.0,5.987972546942954
"54.40441,18.5047","54.36914,18.75382",6:17,,,,,,,2293.0,16.6004253791779
"54.36154,18.76165","54.30966,18.76736",9:33,,,,,,,1112.0,5.780657914689321
"54.35945,18.45014","54.34712,18.9405",9:29,,,,,,9906.0,,31.806207744026192
"54.30418,18.64701","54.30074,18.75386",7:43,14286.0,7086.0,9258.65,inf,7086.0,2226.0,674.0,6.94328640994745
"54.32318,18.64585","54.36185,18.84497",7:22,20187.0,12987.0,16745.69,inf,12987.0,4023.0,1603.0,13.604322791306128
"54.35464,18.65185","54.29901,18.5256",7:47,16827.0,9627.0,11765.93,inf,9627.0,3445.0,1094.0,10.260825436354198
"54.32513,18.70697","54.43438,18.53045",8:54,,,,,,5655.0,1776.0,16.681027508600028
"54.40713,18.47147","54.42805,18.52014",6:19,10753.0,3553.0,4581.91,inf,3553.0,1081.0,743.0,3.915034139467916
"54.38759,18.56648","54.40813,18.78546",8:45,,,,,,,,14.357935687112361
"54.34054,18.85453","54.34283,18.91915",9:57,10992.0,3792.0,4930.18,inf,3792.0,1159.0,625.0,4.196472501455657
"54.34294,18.83394","54.39087,18.79951",9:22,,,,,,,,5.777466903789447
"54.35148,18.72463","54.4382,18.653",7:39,,,,,,,,10.699859886900565
"54.4095,18.63513","54.3252,18.87072",7:07,,,,,,6948.0,1930.0,17.91046894252863
"54.40061,18.68116","54.43213,18.48142",9:13,20603.0,13403.0,16655.62,inf,13403.0,4013.0,1450.0,13.390647040785998
"54.33986,18.6309","54.38776,18.72208",8:59,,,,,,,1120.0,7.953859320947688
"54.34335,18.56279","54.32635,18.91293",7:22,,,,,,7442.0,2281.0,22.77878261673708
"54.34255,18.83979","54.40514,18.92217",7:45,,,,,,,,8.769712908955814
"54.41163,18.60544","54.37298,18.53135",9:13,13818.0,6618.0,7969.47,inf,6618.0,2896.0,966.0,6.440358662583485
"54.30017,18.65186","54.29707,18.90664",6:01,,,,,,5057.0,1626.0,16.536002869765365
"54.38291,18.67899","54.35992,18.51696",7:57,,,,,,,1143.0,10.802208182924891
"54.34745,18.48851","54.44288,18.51216",8:03,18042.0,10842.0,13833.26,inf,10842.0,4072.0,990.0,10.721212376659956
"54.36453,18.61212","54.36629,18.89815",6:23,,,,,,,,18.531100168486915
"54.40751,18.60972","54.42732,18.86762",9:50,,,,,,,,16.831307052223185
"54.38019,18.46907","54.40104,18.49896",7:35,12313.0,5113.0,6530.65,inf,5113.0,1546.0,722.0,3.0199383991858815
"54.41083,18.44452","54.33939,18.57547",6:08,18091.0,10891.0,13661.93,inf,10891.0,3983.0,920.0,11.620577703957837
"54.37919,18.60382","54.41955,18.62278",9:15,11374.0,4174.0,4853.66,inf,4174.0,1631.0,532.0,4.652613933394341
"54.43282,18.48508","54.28849,18.47826",8:31,,,,,,6030.0,1175.0,16.054845746361558
"54.3918,18.62916","54.34675,18.93653",7:31,,,,,,7081.0,2101.0,20.531151779006997
"54.32432,18.55035","54.41215,18.79691",9:26,,,,,,,,18.72118644622949
"54.36254,18.79673","54.3803,18.68939",7:14,,,,,,,,7.227878412857596
"54.3432,18.51008","54.38758,18.77945",7:48,,,,,,,,18.13510987287855
"54.34744,18.58927","54.35183,18.80232",8:03,,,,,,5605.0,1775.0,13.816087159935092
"54.31398,18.92691","54.39845,18.4641",6:35,,,,,,10172.0,2161.0,31.42566664519546
"54.33898,18.59537","54.33819,18.93032",8:57,,,,,,6702.0,2108.0,21.713624828235687
"54.33396,18.87905","54.44438,18.61473",7:24,,,,,,,,21.062554413971103
"54.3986,18.49626","54.35024,18.66338",8:14,18957.0,11757.0,14580.93,inf,11757.0,4191.0,1595.0,12.086402433763709
"54.33608,18.47465","54.39759,18.84283",7:59,,,,,,,,24.812491589434636
"54.41161,18.51717","54.3144,18.76363",8:11,,,,,,6127.0,,19.282147469695854
"54.3681,18.66814","54.36746,18.9314",7:06,,,,,,,,17.05410922235279
"54.34144,18.76826","54.32227,18.81704",8:35,10608.0,3408.0,4456.29,inf,3408.0,994.0,412.0,3.8140012637021874
"54.40234,18.51832","54.41243,18.80966",9:23,,,,,,,,18.888124836902506
"54.31625,18.67475","54.33739,18.62202",8:05,11522.0,4322.0,5384.42,inf,4322.0,1445.0,773.0,4.149324645171892
"54.29686,18.6057","54.3459,18.51837",6:47,15414.0,8214.0,10309.39,inf,8214.0,2703.0,676.0,7.862048730114689
"54.38817,18.61464","54.29115,18.85481",9:40,,,,,,5838.0,1604.0,18.941286271735347
"54.37791,18.69125","54.28786,18.67176",9:59,,,,,,,1600.0,10.092522122820297
"54.35415,18.72147","54.38842,18.81254",8:44,,,,,,,,7.022771876414892
"54.3005,18.66439","54.40228,18.54536",8:30,21495.0,14295.0,17725.67,inf,14295.0,5074.0,1605.0,13.696244542765877
"54.4054,18.57204","54.30891,18.87526",7:20,,,,,,6654.0,2000.0,22.386267858668724
"54.3515,18.74429","54.30858,18.79279",6:59,12914.0,5714.0,7473.58,inf,5714.0,1598.0,795.0,5.715404562966342
"54.37336,18.65943","54.31038,18.87731",8:10,,,,,,6304.0,1967.0,15.764077511839883
"54.35567,18.81603","54.30924,18.59885",6:15,,,,,,5676.0,1289.0,14.99762938229504
"54.35839,18.80551","54.28848,18.51433",7:13,,,,,,7569.0,,20.420477368730552
"54.3581,18.74095","54.36106,18.86781",6:24,,,,,,,,8.226211749652462
"54.38883,18.56661","54.44495,18.45438",9:13,16619.0,9419.0,11999.56,inf,9419.0,3066.0,1025.0,9.574498239272877
"54.31264,18.92803","54.43225,18.71225",7:37,,,,,,,,19.293424650555647
"54.34757,18.8563","54.35536,18.48658",9:17,,,,,,7998.0,1777.0,23.975583254567308
"54.34658,18.69464","54.35451,18.70619",6:13,8510.0,1310.0,1590.19,0.0,1310.0,455.0,366.0,1.1566392376669687
"54.35034,18.85828","54.32061,18.49078",9:23,,,,,,7735.0,2172.0,24.0535795681954
"54.34891,18.76158","54.36247,18.82364",9:50,12961.0,5761.0,7454.58,inf,5761.0,1854.0,,4.2948046386814
"54.3529,18.5722","54.37828,18.60304",7:07,10526.0,3326.0,3997.14,inf,3326.0,1235.0,578.0,3.4577575397077958
"54.30272,18.66002","54.30502,18.62832",9:44,9867.0,2667.0,3425.89,inf,2667.0,839.0,325.0,2.0725587623830797
"54.37726,18.61073","54.44194,18.71304",9:24,,,,,,,,9.775593323167486
"54.3736,18.71425","54.41085,18.79503",7:33,,,,,,,,6.671368100627701
"54.28969,18.62405","54.29984,18.54979",9:44,13009.0,5809.0,7492.11,inf,5809.0,2056.0,931.0,4.949505268744081
"54.36291,18.5718","54.30296,18.55784",6:43,13570.0,6370.0,7777.39,inf,6370.0,2104.0,859.0,6.727299914995301
"54.41599,18.46864","54.38967,18.6785",9:27,,,,,,,1575.0,13.894825228802071
"54.34522,18.90349","54.30172,18.6429",6:23,,,,,,4929.0,1622.0,17.577811863370176
"54.41814,18.45255","54.38334,18.63175",7:17,18835.0,11635.0,14432.09,inf,11635.0,4279.0,1429.0,12.227679979452649
"54.35544,18.54648","54.34351,18.78158",7:56,21284.0,14084.0,17533.78,inf,14084.0,5210.0,,15.29418594276831
"54.39931,18.46483","54.44226,18.70915",9:33,,,,,,,,16.512325369037345
"54.39843,18.68736","54.3099,18.50534",7:41,,,,,,,1606.0,15.363316118365915
"54.31515,18.59409","54.37065,18.57325",7:02,13375.0,6175.0,7551.83,inf,6175.0,2221.0,735.0,6.317429633963926
"54.33742,18.48772","54.31276,18.85001",8:11,,,,,,7485.0,2066.0,23.65297192742769
"54.36512,18.48796","54.32631,18.47139",6:35,11451.0,4251.0,5428.56,inf,4251.0,1428.0,961.0,4.447106823720799
"54.29223,18.62009","54.31775,18.66119",9:04,11581.0,4381.0,5691.78,inf,4381.0,1295.0,579.0,3.8939524448660756
