walk_time,bike_time,car_time,line_distance
11752.0,3679.0,672.0,10.190883937590426
,4641.0,2064.0,8.794580660699733
,,,10.347846581922907
10553.0,3104.0,1258.0,10.340657472369404
4707.0,1311.0,601.0,4.1374821057244136
,,591.0,6.344212651924019
4000.0,1246.0,576.0,3.137078989466345
9932.0,3158.0,1222.0,7.171772781566859
,6388.0,1895.0,15.645982968803564
3258.0,901.0,725.0,1.2809199617538276
1746.0,527.0,274.0,1.720712875808082
,5141.0,1883.0,17.077247451635397
,7698.0,1732.0,21.622190132374914
8599.0,2514.0,721.0,8.427280526113464
8732.0,2673.0,1049.0,6.255929561443522
,4568.0,1452.0,10.995967893223215
,4743.0,1680.0,16.124345084488215
4525.0,1304.0,621.0,3.919436289432739
7532.0,2063.0,926.0,7.420520470346988
,6142.0,2993.0,16.021039979833137
,5331.0,1793.0,18.062360665281844
,,,20.808593759378287
,4915.0,1320.0,11.071809847969902
10802.0,2996.0,1431.0,10.859242713908474
6172.0,1776.0,812.0,5.110250420242096
,6646.0,2213.0,19.615092542271096
11663.0,3250.0,1552.0,10.924399034219196
4944.0,1860.0,516.0,5.239336264104017
4491.0,1340.0,640.0,4.892140196959906
,5113.0,1537.0,16.631839321633166
,,,12.241486516648076
5187.0,1459.0,665.0,5.089595571337366
,4580.0,1179.0,12.869971184034748
4617.0,1288.0,587.0,4.968337154412276
6661.0,1898.0,1463.0,2.7134615310411228
6936.0,2096.0,564.0,5.872070494210531
9153.0,2603.0,1196.0,7.62002943681158
11005.0,2951.0,1326.0,6.695415766313563
11980.0,3545.0,1266.0,13.239644519146433
,4079.0,1659.0,15.182612230189218
,4939.0,1420.0,11.034274411392598
11790.0,3265.0,1631.0,12.850132039248798
11309.0,3139.0,1496.0,7.789233784311052
6243.0,2091.0,713.0,5.699581229291861
,4941.0,1726.0,17.920544174666407
,5205.0,1760.0,16.228122857345706
,5798.0,1721.0,13.423686475389681
10277.0,2847.0,1272.0,8.775545973474754
6302.0,1746.0,886.0,6.131380293552279
,5949.0,1983.0,5.440321646329951
,4130.0,1214.0,10.605505687491068
8941.0,2488.0,1165.0,6.80754908701987
3843.0,1266.0,441.0,3.8772694099801397
12865.0,3720.0,1548.0,10.509690573592284
,4449.0,1093.0,11.227731317904292
9850.0,2888.0,1344.0,10.145952569144502
5219.0,1465.0,688.0,5.172893019013652
,,,14.987453524311919
,4444.0,1996.0,3.911252589876699
4798.0,1316.0,595.0,3.687876815987761
8004.0,2357.0,1001.0,7.272180874943959
,,,2.218374366107414
8701.0,2751.0,726.0,6.576320300343917
,4047.0,1824.0,10.861854219613857
6673.0,1859.0,845.0,6.438188818603468
5023.0,1598.0,635.0,5.761556622053481
10781.0,3023.0,1352.0,9.878321967507253
4671.0,1521.0,578.0,4.348973921345103
5959.0,1650.0,759.0,5.3566743810667345
9338.0,2775.0,1166.0,6.060839030790217
9343.0,2606.0,1157.0,10.385352083554038
10273.0,2967.0,1297.0,10.103647688994256
,,,11.966279996504168
,6019.0,1801.0,12.780525742489537
5042.0,1406.0,641.0,3.917118130932845
,,,9.859383085584701
,6867.0,2712.0,18.038052468179433
5646.0,1554.0,766.0,5.413382836176385
11656.0,3698.0,1217.0,10.12685389324285
3034.0,868.0,431.0,3.226538427657844
,,,3.164278954593076
11585.0,3566.0,1339.0,12.491468240664885
6500.0,1918.0,1050.0,6.531295331564919
4459.0,1386.0,532.0,3.3726175745025313
,5042.0,1354.0,15.095538950874651
,6155.0,2553.0,18.02898880350638
10062.0,3120.0,1109.0,10.778974555753486
3538.0,965.0,438.0,3.651645844027795
,5810.0,2619.0,14.55486603197843
,4406.0,1250.0,6.423389829416248
4447.0,1267.0,574.0,5.047139449651739
,,1703.0,12.428653125996911
3729.0,1497.0,368.0,3.400738536201335
9527.0,3094.0,824.0,9.065929977290692
,4296.0,1415.0,11.760566564810777
4345.0,1196.0,541.0,5.674439591522651
4033.0,1105.0,522.0,1.9504915311556117
13102.0,3911.0,1210.0,11.904221482438842
,4949.0,1125.0,10.728476655383357
9845.0,2797.0,1218.0,10.574186527349182
4634.0,1426.0,617.0,4.060198042038974
3489.0,967.0,520.0,2.870522105617438
,4944.0,988.0,11.838085203159373
,4646.0,1393.0,15.701199637695648
12746.0,3843.0,1272.0,11.12287772711184
9191.0,2724.0,1450.0,7.6049136513358375
,,1309.0,10.21662088287927
,8618.0,2736.0,24.35923307850951
13896.0,3852.0,1832.0,6.496492663862014
9940.0,3285.0,978.0,9.459963535534364
10624.0,3460.0,1026.0,8.840047349139363
,,,4.965624551599972
,5817.0,2029.0,19.636283991067106
7083.0,2261.0,701.0,5.750723421744072
5066.0,1428.0,639.0,5.969248534065636
,6128.0,1740.0,20.541193461413915
6813.0,2032.0,837.0,4.645317242860303
4954.0,1681.0,549.0,5.04719391377314
12372.0,3924.0,1107.0,10.665176748760018
1251.0,445.0,194.0,0.946197365720038
,4498.0,2018.0,5.148586298978743
5082.0,1419.0,642.0,5.137444929076581
8002.0,2233.0,1015.0,6.578217840939629
6688.0,2240.0,561.0,7.119604675773453
6385.0,1923.0,845.0,5.8339652513231925
3191.0,1266.0,359.0,3.158948072434575
8609.0,2358.0,1057.0,6.885271461608316
,4085.0,1839.0,9.168826486793128
11000.0,3319.0,1378.0,12.428586775333207
6979.0,1967.0,897.0,6.278609503464535
13385.0,3741.0,1700.0,11.21694692162449
,,,3.753025351241324
9827.0,2691.0,1174.0,5.237024641358718
8402.0,2464.0,1068.0,6.336498833828905
11670.0,3609.0,1032.0,11.295899123499318
4771.0,1324.0,600.0,5.318273723774844
,5566.0,1606.0,9.180614006264596
,,,4.115567484509075
,4667.0,1565.0,11.364643361055842
,5342.0,1472.0,13.916349778267476
8482.0,2675.0,856.0,8.349215535896608
,6605.0,2033.0,19.058289110138553
,,,19.455905975013525
7115.0,1962.0,903.0,6.932782705679736
,,,3.7608053911683026
975.0,405.0,160.0,0.9167018018450844
,5239.0,1521.0,16.692616792499937
10559.0,2919.0,1160.0,10.739384827366687
,6165.0,2730.0,17.171449195645287
13513.0,3731.0,1709.0,12.027663870552477
3594.0,971.0,448.0,3.2555926934035164
12033.0,3962.0,1103.0,9.536368827973847
,,,9.352867592642781
9867.0,3218.0,1049.0,5.009077210052992
,4809.0,1447.0,7.794393197225589
13667.0,4477.0,831.0,11.200077465496364
9487.0,3142.0,1007.0,9.671930920364444
5957.0,1640.0,771.0,5.724483028014319
,5268.0,1842.0,17.385298358910255
3117.0,852.0,390.0,3.802910039204314
,6514.0,2465.0,19.06151505392916
,7274.0,1540.0,18.987411534280675
11504.0,3524.0,1281.0,9.208514377695048
,,,15.767508399056835
4455.0,1537.0,513.0,4.476032700303766
12909.0,3763.0,1462.0,12.590728929077246
8653.0,2808.0,1103.0,8.13285235131454
4086.0,1171.0,530.0,4.192225080857892
14310.0,4342.0,1349.0,16.092016946136212
,4044.0,1750.0,9.673703436334037
,5037.0,2074.0,14.691930224983746
5536.0,1536.0,720.0,5.553892621458711
8157.0,2259.0,982.0,7.593099961153992
,5394.0,1718.0,11.647625756288267
,,,4.500940943243078
,4869.0,1461.0,5.908966013276015
12990.0,4101.0,872.0,5.624293899076269
,,,23.476592208398316
7737.0,2252.0,1032.0,7.3756585697101675
,4952.0,1540.0,17.134519726495583
,4864.0,1249.0,12.9565967227819
7903.0,2578.0,803.0,7.529346747057178
11607.0,3244.0,1480.0,9.032787603009638
6873.0,2161.0,570.0,4.458452106038451
,5266.0,1699.0,16.189026342519984
14178.0,4034.0,1197.0,8.134128368789897
,5203.0,1537.0,8.792974650241108
5157.0,1684.0,701.0,5.565577178022053
8770.0,2913.0,905.0,9.53945041017382
13473.0,4096.0,1118.0,14.694015856115383
11855.0,3650.0,1258.0,12.561151449816926
4652.0,1282.0,573.0,5.281889656804373
6606.0,2228.0,728.0,6.868483175746694
8385.0,2298.0,1047.0,7.313242485635612
,5179.0,1653.0,14.24122172197147
,8250.0,,16.351192805108713
9193.0,2589.0,1154.0,9.733648906943259
,4430.0,2061.0,9.609080919529042
,5376.0,1712.0,8.883023753839318
,4989.0,1622.0,13.825934868466932
6490.0,2012.0,965.0,5.936649558079802
5973.0,1908.0,548.0,6.239881176692262
3453.0,1196.0,311.0,3.3906637474757733
13166.0,4119.0,1053.0,8.968030441143814
,4818.0,1619.0,13.265966834932904
,5064.0,1649.0,17.676736221527438
,4413.0,1683.0,8.699010404880331
6834.0,1902.0,867.0,6.501044523558622
8932.0,2648.0,1094.0,9.636308333933837
5878.0,1609.0,724.0,5.344131576366393
,5218.0,1889.0,18.271758979779758
,8090.0,2713.0,24.787060165112205
,6649.0,1734.0,22.153348073976364
10315.0,3093.0,1227.0,8.599946090755804
,5003.0,1524.0,8.277058310997447
11907.0,3911.0,1329.0,13.008530639232106
6026.0,1751.0,799.0,6.2434749619511525
,,1793.0,14.760841199842089
13694.0,3892.0,1625.0,10.033765864523051
,7156.0,1125.0,17.4913212982534
8931.0,2628.0,1122.0,8.571040484643413
10310.0,2880.0,1293.0,3.2034465958852265
,,,6.4674820657526935
,7477.0,1876.0,18.090335724524845
,5690.0,1665.0,17.48383402322726
,4880.0,1354.0,6.5092312824486696
3967.0,1089.0,501.0,3.758402446378494
8264.0,2472.0,1009.0,7.995225070900455
3119.0,1093.0,348.0,3.207264664012449
,,,10.778846697351794
1965.0,609.0,248.0,2.0918931486111267
14300.0,4475.0,1083.0,12.532237884717082
,6754.0,1266.0,21.23929746164725
9736.0,2852.0,1285.0,5.417574889176318
14395.0,4061.0,1803.0,10.436480995466418
4934.0,1604.0,629.0,4.286270891423495
12349.0,3936.0,926.0,9.649649203672684
3106.0,854.0,406.0,2.7290126113647966
10644.0,3048.0,1246.0,5.356957072444984
11704.0,3731.0,1358.0,10.257432161178746
4793.0,1328.0,609.0,3.413845341546271
9226.0,3046.0,1215.0,8.975391560741839
,4443.0,1116.0,10.108663394661717
,4642.0,2012.0,10.360871541485254
,4396.0,1621.0,13.334495904499649
14087.0,4366.0,1568.0,14.218435436956202
,4989.0,1458.0,17.60735477708422
8100.0,2381.0,973.0,6.672800136900656
,5521.0,1997.0,19.855594075751394
14392.0,4372.0,977.0,15.960108565956606
12569.0,3851.0,1241.0,9.589492640336106
8673.0,2518.0,1050.0,8.825837848037535
,6576.0,2502.0,17.72388303191092
8379.0,2339.0,1083.0,6.85047533967161
11778.0,3378.0,1482.0,13.849594398173409
13558.0,4427.0,1413.0,14.683581913739571
,4247.0,1897.0,10.66781177977191
5176.0,1475.0,700.0,4.358723395684864
,5931.0,1856.0,20.885574046587948
,5363.0,1851.0,9.15275805709586
10892.0,3513.0,1152.0,10.378454392312367
8564.0,2470.0,1075.0,9.113493493189806
,,,14.048061100113799
12683.0,3900.0,1467.0,13.916597684677118
1789.0,585.0,285.0,1.8946240927674394
13127.0,3630.0,1655.0,8.143753923587882
8200.0,2279.0,1363.0,8.078207882075672
8544.0,2933.0,613.0,8.694454847523117
,5257.0,1869.0,19.871195934530817
11748.0,3845.0,1228.0,13.140094267557773
10515.0,3217.0,1170.0,7.647294085440983
10679.0,3095.0,1220.0,12.023636450658133
,5641.0,2381.0,16.11650259371483
,,,7.247023146808325
,6070.0,2647.0,10.391179702080715
,5862.0,1918.0,20.599074904818018
,5887.0,1779.0,9.870875578259543
3135.0,854.0,400.0,3.523248053785126
1073.0,318.0,144.0,1.2171685942849495
6687.0,1898.0,855.0,7.103004142414799
11991.0,3330.0,1602.0,11.12284426192256
13248.0,3578.0,1595.0,9.731719999773784
,4126.0,1854.0,8.904749292661828
,,1292.0,14.188678593528152
,4619.0,1396.0,9.377813074492995
9076.0,2542.0,1163.0,8.950504526728658
13259.0,4078.0,1563.0,12.654412606501252
12549.0,3970.0,1424.0,13.657588416935956
8507.0,2363.0,1065.0,9.274483837492717
,4936.0,1758.0,17.749829375910718
9319.0,2870.0,1104.0,9.01981217194503
12493.0,3506.0,1325.0,7.4790749109718675
5051.0,1448.0,997.0,2.8876156357236966
2396.0,661.0,302.0,2.511682706648719
,5655.0,1721.0,18.471319382098756
,,,2.5210862511151917
7360.0,2504.0,863.0,8.530792359200564
11825.0,3387.0,1469.0,10.002238725707755
4876.0,1512.0,555.0,4.73417587494142
12910.0,4436.0,1103.0,13.406414902521542
,,,12.19736054879953
4235.0,1173.0,519.0,5.32492892714131
,6206.0,2085.0,21.90919047545397
6611.0,1818.0,825.0,5.6337922922634665
,5696.0,1518.0,17.19203506144862
1953.0,527.0,250.0,2.190135211260248
10594.0,2994.0,1244.0,11.459889262385577
,,,20.824312347845094
,4645.0,1528.0,8.624375054263071
11933.0,3469.0,1223.0,10.902317294735592
,6799.0,2757.0,19.680817173925576
13381.0,4244.0,1501.0,13.380475378336712
,5362.0,1682.0,18.52529793596179
9094.0,2563.0,1229.0,6.809878924716542
8864.0,2873.0,1286.0,7.974649683498241
9100.0,2699.0,1114.0,9.238046955162572
6367.0,1846.0,789.0,6.333757643877732
7916.0,2180.0,983.0,7.754317364966457
,4573.0,2039.0,13.971393312105574
,5926.0,1386.0,17.328567258571397
,4488.0,1774.0,12.804933458062754
12258.0,3281.0,1482.0,7.790912377330893
10159.0,2815.0,1215.0,9.873337369708391
,5924.0,1686.0,19.53453793808875
8333.0,2689.0,708.0,8.590628383175071
8767.0,2544.0,826.0,8.051550856929996
,4669.0,1705.0,13.312661504503883
,5328.0,1298.0,15.07281152078101
12317.0,3454.0,1497.0,14.572016281218803
6847.0,1967.0,862.0,6.170106626183453
9103.0,2885.0,875.0,8.292179304800776
13363.0,4218.0,1469.0,11.67077757485592
7196.0,2147.0,994.0,6.410704862543782
,,,3.7300834516635826
8565.0,2402.0,1029.0,8.425150774684479
6799.0,1949.0,921.0,6.539832526002655
69.0,19.0,9.0,0.587265865717595
10106.0,3003.0,1218.0,9.814463493131324
,5645.0,1827.0,10.129023270873834
10655.0,3025.0,1326.0,10.56502442643397
,4515.0,1472.0,13.449330328761675
9269.0,2631.0,1162.0,8.619578531500984
,4600.0,1601.0,16.440993246171757
,,,12.791000292989256
4897.0,1350.0,625.0,5.612504907515742
6606.0,2223.0,875.0,5.741800829065332
3523.0,1015.0,477.0,2.5737006663301174
,,,21.461339824221678
7045.0,2010.0,907.0,5.949505712697676
,,,14.73709760830667
11135.0,2997.0,1340.0,3.6748278708716158
8137.0,2275.0,1177.0,8.599333768427666
,,,14.869276623359985
11073.0,3041.0,1395.0,11.12064054669286
,5723.0,1925.0,1.8139547285208237
,5298.0,1618.0,17.057635296534766
4799.0,1433.0,679.0,2.2636962646383014
9771.0,2697.0,1252.0,6.076389540033909
,7426.0,1810.0,16.57975271882193
3025.0,1002.0,430.0,2.5551389001706233
,5045.0,1475.0,7.392349092705106
4217.0,1241.0,549.0,4.080350937491448
7062.0,2032.0,1114.0,4.976092913220312
,,,5.870843501413627
7775.0,2224.0,971.0,8.455662418318754
11549.0,3784.0,1168.0,12.037329502668731
2159.0,588.0,266.0,2.0787007004989975
,,,11.525782061042262
,4555.0,1498.0,12.468311861769209
12376.0,3500.0,1249.0,7.697069941727743
,5013.0,1690.0,18.405144898383092
8047.0,2706.0,738.0,8.98037147370603
,5427.0,1909.0,8.178406710780942
,5566.0,1181.0,13.603361389452331
6760.0,1886.0,889.0,7.733709380812112
4556.0,1495.0,542.0,4.884124330518103
12686.0,3654.0,1441.0,10.702593683835836
3080.0,868.0,406.0,1.3186287692881877
2028.0,734.0,326.0,2.1998285894241856
,5306.0,1443.0,16.998999742869145
,5135.0,1559.0,16.931806005593746
,7447.0,1451.0,17.396162160761655
8530.0,2763.0,901.0,8.711221986846684
,,,1.235806789570801
9812.0,2714.0,1303.0,7.923913149990097
,4712.0,1507.0,15.180913543706508
13032.0,3588.0,1444.0,12.05091083507249
,,682.0,2.951671939296103
5985.0,1882.0,697.0,6.583830603120412
9469.0,2732.0,1174.0,10.513925346824683
8608.0,2642.0,975.0,8.971463226758846
3702.0,1142.0,416.0,3.0560473087496565
,5105.0,1188.0,12.087122689112375
8459.0,2512.0,871.0,5.966257832694872
13523.0,4228.0,1420.0,14.780778979007799
,,,2.409217469266683
,7620.0,3163.0,18.671358416626372
8428.0,2412.0,1060.0,3.282736112185145
,4630.0,1757.0,12.614767593388184
13503.0,4038.0,1704.0,12.259154108813684
5225.0,1465.0,707.0,5.6068928073016275
14195.0,4656.0,1435.0,16.000740139439472
11316.0,3177.0,1484.0,6.446312378514109
,4388.0,1217.0,9.366372185911866
8422.0,2458.0,1319.0,7.048806228549311
10176.0,3108.0,1129.0,10.903542330856492
13691.0,3895.0,1436.0,11.097301132607441
10093.0,3182.0,720.0,8.298378944615985
7532.0,2224.0,865.0,6.8244352264547565
,4237.0,1886.0,6.542931898690311
9231.0,2549.0,1361.0,10.696532587509518
,,1595.0,8.163071926149222
6742.0,1926.0,969.0,7.1390871590377
11864.0,3767.0,1318.0,13.035312876013636
13809.0,4210.0,1582.0,15.232164013702498
11640.0,3231.0,992.0,6.984494820457661
,5143.0,1469.0,17.803600027832534
3572.0,1029.0,505.0,3.5159852315273965
,7341.0,1414.0,21.51018855800272
,4187.0,1297.0,11.524363260300717
11099.0,3519.0,958.0,10.598580308379116
,6144.0,2027.0,19.957708431150113
2956.0,855.0,402.0,3.315772650197131
,4880.0,823.0,11.68528283766278
,,,7.567746622470258
5231.0,1624.0,750.0,4.5958695309008855
2384.0,771.0,326.0,2.466711597735793
,,,9.579241582135845
5984.0,1682.0,770.0,6.909081901617214
7560.0,2325.0,726.0,7.838237809659094
11455.0,3496.0,1102.0,11.490892705103043
5615.0,1581.0,717.0,6.719221714047513
8518.0,2819.0,935.0,8.362221398731025
13758.0,4613.0,,13.701424175148183
,,,10.338701279228701
5145.0,1505.0,791.0,5.067808769793729
6348.0,1917.0,532.0,6.675153086426844
13833.0,3759.0,1714.0,7.228911263003273
,6016.0,2045.0,10.988416188470437
989.0,296.0,174.0,0.7895552128776898
2215.0,643.0,301.0,1.3255356475533495
11733.0,3625.0,1125.0,10.241896826432543
13403.0,3925.0,1450.0,12.161700279901165
12632.0,4019.0,1405.0,13.685252961174982
7535.0,2115.0,999.0,5.4575874298759395
7825.0,2186.0,1008.0,5.253568819496888
12230.0,3792.0,1331.0,13.616698204086195
9472.0,3107.0,1045.0,9.676919284081412
,4487.0,2012.0,5.16500806745104
,4791.0,1357.0,12.078489168348902
8581.0,2497.0,1123.0,7.552389494687207
6940.0,1971.0,1085.0,4.49970521331556
,4476.0,1143.0,9.914437031810479
6007.0,1668.0,736.0,6.586433636733651
7612.0,2131.0,971.0,7.6279729767049
,4258.0,1344.0,10.323951685227273
12292.0,3858.0,1001.0,12.239245522637098
14088.0,4284.0,1634.0,13.536833229724902
10457.0,3193.0,1258.0,9.992514651892975
5638.0,1560.0,697.0,6.096254180799281
6040.0,2086.0,558.0,5.146827594799048
8256.0,2358.0,1087.0,7.5405886052205044
,,,10.305452390744232
9671.0,2654.0,1389.0,10.65396923972847
9964.0,3477.0,904.0,10.305673694135738
,,,25.210976619643652
9358.0,3250.0,1216.0,7.9686545085632465
10980.0,3006.0,1563.0,7.446067817269797
5820.0,1994.0,571.0,5.464623139111255
6681.0,1886.0,957.0,5.321402938547368
,5984.0,1937.0,19.69202357886889
4398.0,1622.0,518.0,4.866279019503673
,8790.0,2001.0,21.74488866214723
12484.0,4134.0,1116.0,12.545747220533622
,4535.0,1419.0,13.853828891904698
,6469.0,1952.0,19.005070447281394
10613.0,3259.0,967.0,11.954724875392369
,5882.0,1521.0,19.907200391758263
,7473.0,2513.0,23.35073169258566
,5403.0,1695.0,7.124085664723444
4913.0,1362.0,619.0,2.0284616498091026
6684.0,1871.0,858.0,7.281469012837493
10869.0,3039.0,1120.0,6.524499051951541
8276.0,2404.0,883.0,7.450214401001638
,6248.0,2950.0,16.057286264295932
,5250.0,1616.0,6.445352628129623
10566.0,2994.0,1300.0,10.402903602816325
,6973.0,1693.0,20.657920613763515
10122.0,3379.0,886.0,10.61514540179208
5796.0,1593.0,757.0,3.3215847372517793
,4852.0,1397.0,12.545737116523568
9089.0,2505.0,1062.0,9.422128170608504
6225.0,1720.0,765.0,7.485012890631061
4421.0,1281.0,578.0,4.61292908227368
5216.0,1614.0,617.0,6.055499242688613
12397.0,3322.0,1493.0,8.336083286660116
7086.0,2096.0,716.0,7.112296368458161
,5438.0,2431.0,13.7029825544469
6072.0,1664.0,790.0,6.6778442563239455
,5322.0,1782.0,16.620323943409513
,,,21.74086322769208
,,,21.676973960075387
11011.0,3248.0,1506.0,10.059079709093934
10070.0,3274.0,972.0,11.257216898955416
12174.0,3587.0,1405.0,12.211556333627833
8228.0,2343.0,710.0,1.712195819403312
9474.0,3066.0,654.0,9.305057109159343
10450.0,2945.0,1125.0,5.232974616209597
13335.0,3740.0,1246.0,9.921651443354023
14108.0,3959.0,1310.0,13.951997642548669
13014.0,4273.0,1197.0,10.143272703978859
5310.0,1480.0,682.0,1.9828326243793453
8635.0,2372.0,1069.0,8.634752345877027
,4664.0,1445.0,16.53371781425612
6746.0,1866.0,909.0,4.162094071706775
10897.0,3309.0,951.0,9.892179948476826
4538.0,1271.0,608.0,4.4123747854439666
,5002.0,1679.0,18.616813453140487
6896.0,1942.0,878.0,6.8887666100749865
10356.0,2882.0,1265.0,8.937033328540728
,,,18.204540266901926
1255.0,377.0,247.0,1.2639522929703921
,4455.0,1318.0,11.280188798062607
4993.0,1418.0,640.0,4.3982912837440455
9759.0,3233.0,873.0,9.552598168865595
13533.0,3625.0,1628.0,8.492823643624089
8662.0,2414.0,1136.0,8.826249788961677
11641.0,3663.0,1243.0,11.545951733323662
12130.0,3371.0,1483.0,12.618245053841674
,4635.0,1197.0,11.684858736508213
9930.0,2758.0,1243.0,8.893017763743218
5515.0,1633.0,758.0,4.587588516563109
,,,11.88461203277841
8475.0,2392.0,1347.0,3.8246413953067435
13448.0,4187.0,642.0,9.40337075772436
,,1854.0,9.744083365242364
4066.0,1130.0,541.0,4.558525218078169
,5305.0,1441.0,15.621767364580641
13449.0,3743.0,1343.0,11.802166988769883
3166.0,910.0,420.0,3.602666937623033
12305.0,3576.0,1495.0,12.06761095793344
7869.0,2519.0,1014.0,8.810556436513211
,5945.0,1453.0,17.69798422616935
9751.0,3098.0,855.0,7.156662386805645
9666.0,2925.0,1098.0,10.526709226283312
5932.0,1658.0,781.0,6.510391854562395
,4413.0,2015.0,8.68725738872997
,5367.0,1892.0,17.31771433488934
,,,10.192296841359115
7237.0,2175.0,880.0,6.745044296762867
5276.0,1513.0,701.0,3.136339515224794
,4530.0,1602.0,13.590772809294853
10203.0,2965.0,1804.0,8.428145700337804
9488.0,2691.0,1158.0,9.110975985840543
,4735.0,1484.0,15.274146328526129
3693.0,1045.0,486.0,4.01355319264519
8897.0,2978.0,934.0,8.786172618631879
9447.0,2646.0,882.0,5.761274351753412
10460.0,3283.0,1105.0,6.425599615767824
,4712.0,1926.0,13.543195286013963
,7104.0,1725.0,20.57671069426624
5888.0,1852.0,832.0,5.784513861369799
5249.0,1433.0,648.0,5.970541212832974
9333.0,2599.0,1215.0,6.859821371990902
7823.0,2267.0,1159.0,4.243956237157965
,,,23.323858284747963
,4414.0,1438.0,12.934607492485412
12994.0,3639.0,1954.0,12.869390419024542
4320.0,1361.0,676.0,4.77219484281133
,,,3.4980136712219525
7213.0,2490.0,904.0,7.691685515978428
,7262.0,3031.0,19.355416708666358
5900.0,1642.0,775.0,5.636015482233451
2006.0,556.0,273.0,2.669563146862992
9987.0,2913.0,489.0,8.387061209612403
,,,13.5152840300377
6127.0,1721.0,777.0,7.160983538650351
6070.0,1707.0,795.0,6.991730287981243
7506.0,2133.0,1068.0,5.671794089850838
4440.0,1374.0,597.0,3.768656290223955
,4232.0,1713.0,16.05963531672179
10328.0,2878.0,1385.0,8.533887376625868
3932.0,1138.0,523.0,4.438291782396386
12432.0,3586.0,1537.0,13.552694585879388
,4228.0,1509.0,13.238504578086593
7164.0,1998.0,913.0,7.741014984257088
,4792.0,873.0,13.687377344183693
,,763.0,4.365152152022344
10190.0,2827.0,979.0,6.294237507315094
8083.0,2503.0,889.0,9.059708494706415
,4651.0,2093.0,10.692007650812322
5754.0,1665.0,553.0,4.600472475560537
7162.0,1992.0,1033.0,4.768903885406099
4864.0,1347.0,613.0,1.088361009661459
12312.0,3548.0,1475.0,13.14582577467672
10158.0,2794.0,1256.0,8.08421608161761
14301.0,4144.0,1237.0,10.919639997777338
1791.0,502.0,246.0,1.2729866265720309
9223.0,2681.0,1125.0,10.050904899240084
,5380.0,1707.0,12.2448126160688
12861.0,3737.0,1743.0,14.062597975569306
7325.0,2110.0,897.0,6.099601222853678
,4632.0,1599.0,14.069017096251994
12355.0,3417.0,1562.0,10.659226892379936
,4992.0,1662.0,17.18427641738334
,5281.0,2248.0,13.504205821680927
10462.0,3178.0,1128.0,11.521061038433285
12216.0,3745.0,1424.0,11.565797109564251
,4929.0,2090.0,13.311281841499845
,5245.0,1593.0,17.296172758499555
7449.0,2260.0,917.0,6.960217525273865
7765.0,2261.0,1292.0,6.9449744449091435
,7076.0,2181.0,18.546757620506412
2947.0,799.0,369.0,2.2579264715556366
9252.0,3066.0,843.0,9.852576540553027
13983.0,3947.0,1266.0,10.21752786098662
,8294.0,3024.0,22.459101970846632
,4361.0,1278.0,13.510802510068022
,5165.0,1639.0,14.248169893902869
,5062.0,1810.0,18.425086337974683
3079.0,1016.0,489.0,3.1870772800510108
,8756.0,1582.0,19.853105195996093
8088.0,2568.0,940.0,8.961591341418151
13914.0,3900.0,1369.0,12.92046729659123
,3964.0,1778.0,7.025315465672001
9654.0,2662.0,1194.0,10.882317363449687
,,,12.679423603621817
,4397.0,1346.0,13.599768085853126
11146.0,3375.0,1211.0,10.053580541659842
2466.0,1116.0,314.0,2.8656235236667555
,,,21.003657966853893
,4640.0,1976.0,13.333662290929569
1726.0,523.0,237.0,1.8316406044089653
10791.0,2978.0,1342.0,9.143960403122911
9840.0,2964.0,997.0,8.140250057117214
,6153.0,1422.0,18.936531776420335
4700.0,1383.0,739.0,3.844628192304634
9101.0,2912.0,996.0,8.672900194353987
10330.0,2862.0,1472.0,10.498017319112028
1013.0,304.0,144.0,0.5880880411014562
14131.0,4392.0,1441.0,14.37359580248313
,9073.0,3164.0,10.30194891599682
,,,5.525909879839913
,5053.0,1777.0,14.67107777416136
1629.0,513.0,271.0,1.7542440762457905
,6180.0,1248.0,17.988547187195785
12070.0,3794.0,1249.0,12.918812836659667
7744.0,2256.0,1040.0,6.184523873097232
5043.0,1549.0,646.0,3.3989214957780822
12267.0,3311.0,1490.0,7.145271602105402
,,,17.98957087935029
,5856.0,1892.0,20.07075661708881
4750.0,1448.0,618.0,5.350378961902122
5956.0,1642.0,739.0,5.911570556723063
,5521.0,2623.0,13.776960001686714
,6010.0,1846.0,16.850806399289247
8475.0,2361.0,868.0,7.531639449951521
,4405.0,1919.0,12.70063081919201
11446.0,3668.0,1238.0,12.98586769822489
14200.0,4004.0,1369.0,5.561557284620144
,4401.0,981.0,10.95992365408328
8846.0,2897.0,625.0,8.79046752025761
3840.0,1071.0,489.0,3.8377857651678036
,4478.0,1650.0,16.213249469151204
6699.0,1885.0,861.0,6.93469380972989
,5592.0,1303.0,15.101161382581717
3701.0,1090.0,531.0,3.4023069672261275
,5424.0,1736.0,17.604484275932595
,,,4.7386057700338595
,4547.0,2023.0,11.375764732151538
3639.0,1042.0,530.0,3.5696953885543974
1051.0,387.0,255.0,0.7257651989216845
,,,12.58159103418962
13494.0,4005.0,1747.0,13.672624571068413
5434.0,1571.0,726.0,4.626791200632382
6009.0,1986.0,827.0,6.448283072900402
8051.0,2547.0,503.0,6.649786387937521
8295.0,2316.0,1293.0,5.947870554650817
,6886.0,2505.0,19.586614067122753
12149.0,3327.0,1143.0,11.800730815780966
7457.0,2883.0,569.0,7.861036511186976
11956.0,3596.0,1478.0,13.158311846450887
5691.0,1805.0,782.0,5.23103094873929
5224.0,1603.0,633.0,5.752255479425174
8696.0,2862.0,723.0,8.562928532756809
,5195.0,1423.0,15.801305582878609
8394.0,2321.0,1034.0,8.650362949071726
7278.0,2039.0,912.0,8.046487722901851
2921.0,823.0,404.0,2.180037375820811
4214.0,1219.0,553.0,2.7592624086612454
7170.0,2306.0,873.0,8.232900366010908
,5147.0,1359.0,9.995362696158955
2425.0,856.0,382.0,2.699374015554925
5966.0,1783.0,700.0,6.274890457978196
5746.0,1687.0,761.0,5.083026551211064
,6009.0,2578.0,17.93024588183591
7233.0,2072.0,882.0,8.404344554066418
4481.0,1248.0,579.0,4.34332212686476
12381.0,3430.0,1657.0,11.082474259317607
12177.0,4087.0,1199.0,13.232728036900212
,5244.0,1676.0,9.352671037190152
8266.0,2242.0,1018.0,7.224833359925513
9259.0,2562.0,1160.0,7.743656666180782
,6112.0,1890.0,21.802952604284073
,5288.0,1702.0,3.7447049278643294
8895.0,2466.0,1211.0,7.944393408924887
10778.0,3039.0,1410.0,6.222102801012241
3399.0,1025.0,276.0,1.8511643903005168
,4380.0,1710.0,17.646057630934337
,5636.0,1637.0,8.83174104543702
14304.0,3986.0,1672.0,12.16344462734354
,4006.0,1784.0,6.972800345510246
,,,13.568667736510356
3973.0,1135.0,516.0,4.175271650258423
,4780.0,1234.0,13.049804264241365
11844.0,3577.0,1348.0,11.67408943380949
,5804.0,,14.364514859438533
13444.0,4166.0,1399.0,15.486921895979023
,7919.0,2118.0,14.574814138906445
,5150.0,1438.0,14.103942966261364
,5379.0,1700.0,13.348010238220402
8863.0,2885.0,694.0,7.139597006383318
5127.0,1446.0,1058.0,5.144658412668666
9093.0,2622.0,1112.0,8.955562593337888
10958.0,3379.0,1025.0,12.341125726085822
9114.0,3206.0,911.0,9.06614013241263
,,1003.0,8.513871249811352
11901.0,3251.0,1162.0,4.239912374126061
,4993.0,1602.0,16.919893710510728
1129.0,348.0,154.0,1.0106568634557211
,4394.0,1712.0,15.015463891761286
9037.0,2793.0,884.0,9.199431461375482
,6294.0,2144.0,20.500858972047187
,6414.0,1623.0,17.626734027146746
14339.0,4133.0,1435.0,13.060236551803088
8791.0,2428.0,1130.0,7.552640657501896
5750.0,2027.0,220.0,4.8828462363741645
12876.0,3994.0,1459.0,13.422238698850162
,,,22.203984610666897
6082.0,1654.0,750.0,6.266649128032692
2469.0,691.0,322.0,1.8292541598891845
3932.0,1079.0,492.0,5.040915766801235
,4636.0,1281.0,8.976971148987726
10290.0,3354.0,1431.0,9.659360981230034
9692.0,2671.0,1204.0,11.583694876898399
10593.0,3027.0,1466.0,9.873473012650768
,4643.0,1479.0,14.205961955188162
,,,23.70375416960141
,7734.0,1641.0,18.46132562436936
,,,9.588402221393771
12067.0,3426.0,1165.0,8.561641747352176
,6843.0,2296.0,16.872856071127224
3928.0,1311.0,339.0,3.5496126580403176
13001.0,3524.0,1584.0,7.782965852467456
,4358.0,1318.0,5.520968423855044
,,,19.156494235527994
12209.0,3440.0,1236.0,6.379904981056004
5823.0,1620.0,738.0,6.379547808472597
12801.0,3747.0,1287.0,11.362096196086448
,5865.0,2049.0,19.13466712214083
12333.0,3455.0,867.0,7.5465785167423105
,5119.0,1631.0,14.56814855244502
,8047.0,1821.0,16.36357712535309
6735.0,1843.0,616.0,7.401526704554799
449.0,135.0,71.0,0.4221148841995648
,4047.0,1163.0,10.856795655238223
8318.0,2337.0,1286.0,4.931252239297838
,5563.0,,7.305133162139915
3232.0,1134.0,739.0,4.333592848993438
11258.0,3267.0,1301.0,12.620316822343097
8255.0,2285.0,1256.0,9.355683539679644
10551.0,3283.0,766.0,6.211868418790945
6667.0,1883.0,857.0,5.358778096417088
10022.0,2790.0,1234.0,9.558266805891787
7558.0,2592.0,1125.0,8.766148398913616
9695.0,3151.0,1194.0,9.979093173464536
4934.0,1660.0,613.0,5.124336062024246
5767.0,1660.0,597.0,3.9320538378124232
7923.0,2202.0,971.0,5.937612228861764
13066.0,4739.0,749.0,12.535482874040147
7404.0,2137.0,920.0,7.6316799549986705
,6027.0,2005.0,22.146574244383082
,4607.0,1624.0,14.902372343939835
,7567.0,2392.0,20.886596028639612
,5478.0,1694.0,15.42793188493627
,4081.0,1439.0,10.576912305768257
3129.0,849.0,389.0,2.9070535261171107
5633.0,2017.0,712.0,6.232038875939093
11431.0,3654.0,1087.0,10.137160417790806
13608.0,4312.0,1467.0,14.870548790666337
,7833.0,1715.0,14.878432292596747
5337.0,1509.0,738.0,4.050454717695955
9648.0,2741.0,1166.0,11.629694784245386
3574.0,1021.0,476.0,3.839937071196284
6288.0,1762.0,795.0,5.83842788636542
4749.0,1419.0,696.0,4.939343731462421
4649.0,1498.0,411.0,3.8485170455296367
3820.0,1121.0,538.0,4.242105703728571
4756.0,1476.0,543.0,5.455305268565504
11235.0,3334.0,1318.0,13.01835975837028
,,,2.7671147323982397
,4651.0,1651.0,14.377352821752176
,,,27.901419713803644
,6698.0,1386.0,20.071560442075032
4455.0,1235.0,554.0,5.030623569991333
,4211.0,1640.0,7.133590539856559
,6260.0,1918.0,15.737799340380214
13686.0,3976.0,1284.0,9.773242197799378
,4468.0,1434.0,11.800810805561097
2888.0,912.0,377.0,2.4932798146147834
,4573.0,1407.0,14.53861092431251
7947.0,2431.0,804.0,6.560205064023048
3639.0,1016.0,514.0,3.170550275176167
,6878.0,1318.0,21.701255059091565
6514.0,1896.0,791.0,3.9371751739623506
,4344.0,1953.0,9.323124005553094
4973.0,1400.0,648.0,5.655511104807817
5871.0,1659.0,756.0,6.199486371299319
8986.0,2886.0,605.0,4.691310112889373
3504.0,949.0,435.0,3.4076700151587644
,3992.0,1793.0,7.719159360449396
10443.0,3101.0,1103.0,8.351634728511772
5085.0,1407.0,643.0,4.820480300622062
,,,10.719010911358607
9775.0,2862.0,1327.0,9.002538794047307
11804.0,3304.0,1530.0,8.823128970857118
12441.0,3722.0,1436.0,12.636617228330502
6259.0,1797.0,805.0,5.896294768972467
1813.0,534.0,264.0,1.0378135561323578
6992.0,2243.0,1173.0,5.661281660496736
12347.0,3804.0,983.0,5.944041553070879
6867.0,2155.0,657.0,7.230233500093035
12830.0,4007.0,1390.0,13.01261626242558
6883.0,1906.0,855.0,8.56121828603539
,,,19.699781414923073
8434.0,2697.0,816.0,9.149278019406333
,5382.0,2336.0,15.495774320591435
,4878.0,1751.0,15.300168628484816
7805.0,2384.0,1070.0,7.394575582305512
8965.0,2498.0,1144.0,8.061029232810847
11783.0,3373.0,1108.0,10.994521485363162
3670.0,1070.0,515.0,3.4035584201302638
10045.0,3296.0,951.0,10.434952732099422
10314.0,3039.0,1310.0,11.00196000165061
7428.0,2047.0,926.0,8.466759058437592
,4717.0,1777.0,11.148945448700372
9751.0,3070.0,1081.0,9.503650361478178
3695.0,1095.0,447.0,4.00716827759084
,9073.0,2739.0,25.057935046321557
8461.0,2487.0,1043.0,6.921121811145997
12572.0,3999.0,444.0,10.094672073230077
,3922.0,1755.0,5.829757720582378
,4581.0,1160.0,10.301544477528797
,,,19.26277678657481
,7120.0,1605.0,18.74806085827965
13584.0,4217.0,1562.0,14.020958643230093
,6987.0,1111.0,18.83222623873395
,6127.0,,7.409965777483254
9812.0,2950.0,1123.0,10.926156572511676
,5057.0,1962.0,19.596758653786008
,5675.0,1989.0,12.04322858648714
10366.0,2898.0,1324.0,7.972175295144692
,5059.0,1540.0,14.942276928841785
,4242.0,1683.0,16.04255297118754
4586.0,1384.0,488.0,3.234279733030692
10626.0,3036.0,1049.0,9.334454638167873
,7417.0,2791.0,7.9640675608653355
,6580.0,1413.0,19.76938280946396
9142.0,2514.0,1215.0,3.8030740808395738
13530.0,3765.0,1545.0,11.878694865335156
,,,24.38946669795595
13300.0,4085.0,1384.0,12.203768601371227
,5923.0,1650.0,9.28523939352312
11736.0,3256.0,1435.0,12.076581539273656
9343.0,2960.0,999.0,2.0371980542484867
5135.0,1433.0,720.0,2.1375644214701905
,5246.0,1742.0,18.051941331654447
,,,15.457802599570185
,4582.0,1409.0,10.969683651190605
10963.0,3039.0,1392.0,10.467780461460721
9217.0,2982.0,710.0,9.603000840089043
9432.0,2596.0,1273.0,2.7653643382101776
12191.0,3884.0,1370.0,13.331975482050824
14164.0,3982.0,1809.0,12.333546571269983
11908.0,3671.0,1378.0,13.75804881641826
6030.0,1698.0,773.0,6.542430593717257
5306.0,1479.0,689.0,4.838195043980405
7336.0,2204.0,950.0,7.162245777287085
,5073.0,1567.0,9.168498234478303
12930.0,4086.0,1226.0,11.771672928700896
2793.0,807.0,377.0,2.650593271184154
,4795.0,1623.0,15.962459569498634
,,1431.0,4.279795062769872
7759.0,2287.0,1065.0,7.42057931261793
3902.0,1300.0,644.0,3.417057294941625
3959.0,1139.0,534.0,4.342389715706884
7261.0,2481.0,907.0,6.968243302438775
3007.0,831.0,377.0,2.973556007260376
10380.0,2811.0,1278.0,5.755286749903496
12094.0,3319.0,1509.0,9.377748619730932
3108.0,866.0,395.0,3.8651103832016873
,,,20.1144842555906
14204.0,4314.0,1490.0,12.198644042561805
9780.0,2730.0,1276.0,9.425846418103996
4957.0,1381.0,654.0,5.160855994416857
8053.0,2472.0,801.0,8.610045756724581
12537.0,3638.0,1147.0,10.261453625023007
,,696.0,0.6819454567924079
7899.0,2599.0,729.0,6.045368861805898
2254.0,724.0,338.0,1.7951086072427
7185.0,2480.0,660.0,7.384808219599657
6219.0,2105.0,706.0,7.120550284426447
12196.0,3543.0,1484.0,9.5767508541212
11186.0,3530.0,571.0,7.51785035172795
,5163.0,1811.0,17.83960727430035
10918.0,3002.0,1557.0,10.330810433195937
,4472.0,1361.0,5.304606038265655
9127.0,2707.0,1262.0,8.153990909442282
6096.0,2011.0,650.0,5.941022396792664
4474.0,1222.0,563.0,4.61206165865752
7469.0,2585.0,852.0,6.872886186889266
13264.0,4016.0,1568.0,15.525883434354204
12605.0,3881.0,1092.0,13.481105132244252
9417.0,2625.0,1202.0,6.330406521128457
,5430.0,1860.0,7.64097443827391
5574.0,1542.0,705.0,5.1807884742317984
6838.0,1910.0,878.0,7.196146456004882
5633.0,1561.0,714.0,5.575595469836774
,6158.0,1695.0,21.947902668984717
,,,20.118788079384252
10439.0,3677.0,722.0,10.094803633881947
11035.0,3034.0,1391.0,10.066383738450307
10792.0,3436.0,1150.0,11.60374406881305
13256.0,3657.0,1915.0,13.447303619305922
,5447.0,1914.0,17.59708528802963
8354.0,2751.0,802.0,8.075950496224307
,6763.0,1653.0,19.22547663616642
,7334.0,1295.0,20.493297391369705
7403.0,2131.0,909.0,8.158699730164788
,,,15.867533523040871
4870.0,1685.0,517.0,5.137177051944484
,,,13.19854802764178
9076.0,2834.0,1009.0,8.501862482248056
,4793.0,1695.0,17.04950483511314
,4641.0,1710.0,17.59619318516082
11279.0,3637.0,1184.0,11.640968037832419
,,,13.19316846279032
,4936.0,1323.0,15.312433096982335
12438.0,3949.0,859.0,8.782824044387636
,7157.0,879.0,14.77487459514188
12263.0,3388.0,1694.0,12.311976860818914
,4351.0,1047.0,10.908543173158478
7715.0,2543.0,872.0,8.144870752306646
8271.0,2618.0,1022.0,6.501038659155974
12915.0,4425.0,1183.0,13.159081433217606
629.0,171.0,77.0,0.8643239805734776
9700.0,2682.0,1198.0,11.245380960379899
,,1692.0,14.504166272275844
8111.0,2637.0,593.0,7.703475243344363
5309.0,1483.0,700.0,4.694852338025128
4911.0,1363.0,660.0,5.099403146569564
9814.0,3310.0,1208.0,9.014119587482186
,8024.0,1584.0,23.837561131412674
,5118.0,1438.0,15.04019530391268
13867.0,4041.0,1510.0,16.18143800025863
6012.0,1753.0,1217.0,1.6911812700494675
7280.0,2037.0,926.0,7.96702725678884
7922.0,2604.0,752.0,7.484306990581867
10692.0,3409.0,933.0,9.638623483110734
4583.0,1280.0,581.0,5.003034676835537
4897.0,1353.0,618.0,5.4325773924449825
9662.0,2667.0,1186.0,11.087469768686729
,6325.0,2115.0,12.230447513054111
12269.0,3288.0,1477.0,8.820013141713085
,5740.0,1953.0,20.527906793008178
,4808.0,1338.0,16.20158604399272
4895.0,1529.0,551.0,4.614977620929185
,,1190.0,12.502561748615289
3253.0,891.0,406.0,3.3880986997698215
,6162.0,2064.0,18.558511865062595
7915.0,2400.0,920.0,8.121455190026023
12004.0,3686.0,826.0,7.733243921576888
7062.0,2237.0,817.0,7.486822320322717
10555.0,3532.0,1032.0,11.050611567713258
11109.0,2973.0,1337.0,3.2318740373247783
4278.0,1194.0,541.0,4.0293246562909175
9711.0,2930.0,932.0,9.334404300331867
,5424.0,1853.0,19.619630237302268
,,,7.722093390250651
7527.0,2496.0,829.0,7.807830725011023
9266.0,2719.0,1200.0,7.977237787661326
,4763.0,1623.0,13.900627781361973
,5059.0,2262.0,11.930422450307214
,6270.0,1538.0,19.586734203499134
14227.0,4175.0,1559.0,11.397372053866183
,4308.0,1322.0,10.67825607266878
,5470.0,1692.0,13.788956426339439
,4207.0,1245.0,10.577948282307128
6239.0,1712.0,787.0,5.3435126652044165
5491.0,1580.0,682.0,5.9882079013857465
